sample_id,timestamp,run_hours,cycle_number,cathode_catalyst,anode_catalyst,Pt_at%,Co_at%,Ni_at%,Pd_at%,Ir_at%,graphene_support_%,TiO2_support_%,CeO2_support_%,gC3N4_support_%,C_support_%,total_metal_loading_%,BET_surface_area_m2_g,membrane_type,active_area_cm2,electrolyte,voltage_V,operating_pressure_bar,current_density_mA_cm2,voltage_efficiency_%,faradaic_efficiency_CH3OH_%,degradation_rate_per_hour,cumulative_degradation_%,voltage_drift_24h,metal_support_ratio,catalyst_complexity_index,voltage_stability_index,failure_risk_level,maintenance_needed
MEA_0001,2024-01-01 0:00,1,1,Pt/Graphite,RuO2,25.8,52.3,15.6,13.7,87.6,83.8,55.6,80.2,21.9,26.5,8.39,90.6,PEM,5,0.5M H2SO4,1.87,0.9,46.69,64.2,75,0.004428,0.004428,0.0115,0.035,4,0.693,normal,0
MEA_0002,2024-01-01 6:00,7,2,Pt-Ru/g-C3N4,RuO2,45.9,1.8,29.4,19.7,53.9,80.3,78,86.1,32.6,66.3,6.81,21.6,AEM-Sustainion X37,1,0.5M Na2CO3,1.54,2.2,13.17,46.8,38.2,0.001851,0.017385,0.0036,0.025,4,0.844,normal,0
MEA_0003,2024-01-01 12:00,13,3,Pd-Ni/CeO2,IrO2,98,49.5,33.1,21.1,28.2,96.1,1.6,13.7,75.6,96.5,3.71,80.2,AEM-Sustainion X37,10,1M KOH,1.41,2.1,32.48,66.8,83.9,0.000344,0.021857,0.0042,0.02,4,0.967,warning,1
MEA_0004,2024-01-01 18:00,19,4,Pt/Graphite,,49.3,7.7,66.2,20.6,42.5,53.6,81.8,95.2,39.4,91.6,9.39,57.9,Nafion 211,1,Buffer+1M KCl,2.21,2.2,14.48,74.4,44.6,0.004119,0.100118,0.004,0.035,4,0.708,normal,0
MEA_0005,2024-01-02 0:00,25,5,Pt-Ni/TiO2/CeO2,RuO2,32.9,20.1,58.7,45.4,3.8,48.8,4,32.9,60.8,50.3,9.17,55.7,Nafion 212,10,1M KOH,1.55,1.4,25.85,85.5,51.2,0.000524,0.113218,-0.009,0.063,4,0.95,normal,0
MEA_0006,2024-01-02 6:00,31,6,Carbon Paper,RuO2,63.3,44.6,61.5,35.7,12.8,40.2,89,66.2,44.5,79.5,2.49,20.6,PEM,10,1M KOH,1.48,1.2,39.53,77.3,87,0.00084,0.139258,-0.0028,0.01,4,0.923,warning,1
MEA_0007,2024-01-02 12:00,37,7,Pd-Ni/CeO2,NiFeO2,24,9.6,0.9,30.4,76.6,15.4,99.2,75.2,74.2,13.6,0.87,85.6,Nafion 212,10,0.5M Na2CO3,2.27,2.4,44.2,43.6,64.7,0.004006,0.28748,-0.0054,0.003,4,0.714,normal,0
MEA_0008,2024-01-02 18:00,43,8,Pd-Ni/CeO2,RuO2,7.6,49.1,33.3,15.5,0,57.3,29.4,81.2,22.8,97.7,7.54,48.8,AEM-Sustainion X37,20,1M KOH,2.27,2.4,42.1,56.9,51.9,0.000853,0.324159,0.0166,0.04,4,0.921,normal,0
MEA_0009,2024-01-03 0:00,49,9,Pt/Graphite,NiFeO2,12.9,49.9,38.5,41.2,41.7,27.7,21,94.6,5.8,96.4,8.36,63.3,Nafion 212,5,1M KOH,1.53,1.6,29.53,55.8,87,0.001461,0.395748,-0.0018,0.056,4,0.873,normal,0
MEA_0010,2024-01-03 6:00,55,10,Pt-Co/TiO2/g-C3N4,,12.8,30.4,1.5,47.8,52.3,92.1,76.5,31.3,30,16.4,9.69,74.2,AEM-Sustainion X37,1,1M KOH,2.25,2,13.19,90.3,49.7,0.001086,0.455478,-0.0058,0.042,4,0.902,warning,1
MEA_0011,2024-01-03 12:00,61,11,Pt-Ni/TiO2/CeO2,IrO2,15.2,0.4,20.8,41.1,5.5,58.3,25.3,85.9,47.4,29.9,8.95,76.2,Nafion 212,5,Buffer+1M KCl,2.28,1.4,33.4,87.7,35.7,-0.000302,0.437056,-0.0064,0.041,4,0.971,warning,1
MEA_0012,2024-01-03 18:00,67,12,Pt/Graphite,IrO2,13.9,17.2,60.8,0.1,97.3,59.3,86.6,13.2,16.8,10,6.21,96.5,Nafion 211,10,1M KOH,1.64,2.3,35.79,60.4,89.8,-0.000767,0.385667,0.011,0.035,4,0.929,critical,1
MEA_0013,2024-01-04 0:00,73,13,Pt-Ni/TiO2/CeO2,,64.1,37,11,31.8,22.6,35.5,10.3,70.5,35.5,27.2,5.54,62.5,Nafion 212,10,0.5M H2SO4,1.1,2.6,1.52,43.9,46.1,0.003347,0.629998,-0.0098,0.036,4,0.749,critical,1
MEA_0014,2024-01-04 6:00,79,14,Pt-Ni/TiO2/CeO2,IrO2,18.2,58.9,42.8,2.6,30.4,5.2,12.6,74.2,40,81.6,0.76,52,AEM-Sustainion X37,5,1M KOH,1,2.2,22.52,89.2,81.1,0.002871,0.856807,0.0041,0.006,4,0.777,warning,1
MEA_0015,2024-01-04 12:00,85,15,Carbon Paper,,34.6,37.9,17.2,12.9,30.4,3.2,97.9,67.8,5.7,37.8,2.84,96.3,PEM,5,0.5M Na2CO3,1.78,1.8,42.32,88.9,39.9,0.000694,0.915797,-0.0064,0.016,4,0.935,normal,0
MEA_0016,2024-01-04 18:00,91,16,Pd-Ni/CeO2,,89.7,15.6,1,3,23,42.3,67.4,25.2,58.3,8.8,4.87,71.4,PEM,1,1M KOH,1.52,1.6,24.99,87,73.9,0.000774,0.986231,0.0155,0.025,4,0.928,warning,1
MEA_0017,2024-01-05 0:00,97,17,Pt-Ru/g-C3N4,,47.4,38,19.3,30.2,0.1,8.5,84.7,87.3,88.4,34.2,6.47,43.9,PEM,10,1M KOH,2.5,2.1,16.26,86.5,61.5,0.00467,1.439221,0.0188,0.024,4,0.682,normal,0
MEA_0018,2024-01-05 6:00,103,18,Carbon Paper,IrO2,66.8,32.4,78.1,34.3,72.9,60.7,32.4,16.9,15.2,98.1,5.79,30.1,AEM-Sustainion X37,5,Buffer+1M KCl,2.16,2.2,43.72,66.4,88.9,0.004926,1.946599,0.0188,0.046,4,0.67,normal,0
MEA_0019,2024-01-05 12:00,109,19,Carbon Paper,NiFeO2,17.2,46.8,64.1,5.7,96.7,88.1,67.6,5.4,59.8,63,7.56,87.4,Nafion 212,20,0.5M H2SO4,2.14,1.9,8.64,49.8,63.2,0.001841,2.147268,0.0033,0.034,4,0.845,normal,0
MEA_0020,2024-01-05 18:00,115,20,Pt-Ni/TiO2/CeO2,,19.2,6.4,76.8,19.2,22.4,88.3,59.4,71.7,66.5,41.6,3.16,49,PEM,10,1M KOH,2.43,2.1,11.12,66.3,31.5,0.003815,2.585993,0.0093,0.011,4,0.724,normal,0
MEA_0021,2024-01-06 0:00,121,21,40wt%_Pt/C,RuO2,4.1,45.7,39,22.8,66.3,65.9,60.3,47.5,41.9,16.7,5.87,72.8,PEM,10,0.5M H2SO4,2.33,0.7,34.68,67.2,66.2,0.00342,2.999813,0.008,0.027,4,0.745,warning,1
MEA_0022,2024-01-06 6:00,127,22,Pd-Ni/CeO2,IrO2,16.9,32.5,8.8,18.5,74.2,21.1,68.3,84.9,70.1,98.6,1.34,57.7,PEM,1,0.5M Na2CO3,1.48,2.9,18.27,66.9,38.7,0.000784,3.099381,0.0005,0.005,4,0.927,normal,0
MEA_0023,2024-01-06 12:00,133,23,Pt-Co/TiO2/g-C3N4,,27.9,57.8,43.8,6.1,84.8,86.3,57.5,38.3,41.1,82.1,4.43,35.9,Nafion 211,20,Buffer+1M KCl,1.25,2.5,35.94,69.6,77.9,-0.000649,3.013064,0.0033,0.02,4,0.939,normal,0
MEA_0024,2024-01-06 18:00,139,24,Carbon Paper,,17.7,20.5,36.4,20.9,42.3,88.6,42.9,16.8,50.5,28.1,7.63,68.1,AEM-Sustainion X37,1,0.5M H2SO4,2.12,1.4,8.73,54.2,81.4,-0.000145,2.992909,-0.0081,0.038,4,0.986,normal,0
MEA_0025,2024-01-07 0:00,145,25,Pt-Ru/g-C3N4,RuO2,8.9,38,67.5,37.6,30.3,19.7,27.6,83.6,0.7,7,7.09,24.9,AEM-Sustainion X37,20,Buffer+1M KCl,1.57,1.9,13.36,60.1,58.9,0.00403,3.577259,0.0139,0.054,4,0.713,warning,1
MEA_0026,2024-01-07 6:00,151,26,40wt%_Pt/C,NiFeO2,12.1,55.9,7.8,3.6,32.5,73.7,76.9,54.9,69.2,5.7,9.91,53.1,AEM-Sustainion X37,1,1M KOH,1.71,0.6,8.68,63.9,77,0.003387,4.088696,-0.0028,0.036,4,0.747,normal,0
MEA_0027,2024-01-07 12:00,157,27,40wt%_Pt/C,NiFeO2,46.1,6.2,39.1,4,71.3,28.7,22.6,18.9,66.1,12,3.14,63.7,AEM-Sustainion X37,20,0.5M Na2CO3,1.95,0.6,47.69,47.2,38.7,0.002986,4.557498,0.0038,0.023,4,0.77,normal,0
MEA_0028,2024-01-07 18:00,163,28,Pt-Co/TiO2/g-C3N4,NiFeO2,20.6,56.2,12,17.7,81.7,80.3,69.2,72,3.8,58.1,5.23,54.9,AEM-Sustainion X37,20,Buffer+1M KCl,2.36,1.1,20.86,65,59.5,-0.000216,4.52229,0.0044,0.023,4,0.979,normal,0
MEA_0029,2024-01-08 0:00,169,29,Carbon Paper,,36.4,41.3,26,47.1,18.2,99.7,23.3,51.1,36.8,92.9,3.63,79.9,Nafion 211,20,1M KOH,1.63,2.2,17.52,84.6,53.6,0.00284,5.00225,0.0068,0.017,4,0.779,normal,0
MEA_0030,2024-01-08 6:00,175,30,Pt-Ru/g-C3N4,,50.3,4.1,59,33.4,37.1,3,62.5,60.4,97.9,49.7,4.69,86.2,Nafion 212,5,0.5M H2SO4,2.17,2.6,1.7,85.5,66.7,0.003633,5.638025,0.0145,0.021,4,0.734,normal,0
MEA_0031,2024-01-08 12:00,181,31,Pd-Ni/CeO2,,69,18.1,38.1,33.9,90.2,89.7,74.7,46.1,42.1,84.3,8.64,81.7,Nafion 211,10,0.5M Na2CO3,1.4,1.9,8.52,62.6,32.7,0.004164,6.391709,0.0108,0.034,4,0.706,normal,0
MEA_0032,2024-01-08 18:00,187,32,Pt/C,IrO2,3.9,42.5,30.1,18.1,80.7,62.3,21.9,82.9,50.2,44.6,7,23.1,PEM,20,0.5M Na2CO3,2.05,1.8,21.64,68.5,75.1,-0.000921,6.219482,0.0099,0.032,4,0.916,warning,1
MEA_0033,2024-01-09 0:00,193,33,Pt-Ru/g-C3N4,RuO2,79.9,4,31.6,29.7,98.5,97.3,6,83,91,70.9,8.88,35.5,Nafion 211,5,0.5M H2SO4,1,1.5,4.36,41.9,34.7,0.003107,6.819133,0.0058,0.032,4,0.763,normal,0
MEA_0034,2024-01-09 6:00,199,34,Pt-Co/TiO2/g-C3N4,,62.8,34.9,36.8,0.5,75.4,46.5,13.1,70.9,71.7,73.2,2.43,62.9,AEM-Sustainion X37,5,0.5M H2SO4,2.31,0.9,26.03,77.1,69.4,-0.000885,6.643018,-0.0071,0.012,4,0.919,normal,0
MEA_0035,2024-01-09 12:00,205,35,40wt%_Pt/C,RuO2,8.2,20.8,62.8,31.8,39.3,84.7,60.6,10.5,58.2,17.4,8.8,94.8,Nafion 211,1,0.5M Na2CO3,1.05,0.8,23.3,62.3,31.1,0.003241,7.307423,0.0021,0.041,4,0.755,normal,0
MEA_0036,2024-01-09 18:00,211,36,Pd-Ni/CeO2,RuO2,87.4,37.3,71.4,45.7,59.1,6.2,84.9,83.9,79.8,36.1,1.07,86.8,AEM-Sustainion X37,10,Buffer+1M KCl,2.07,2.4,38.59,64.5,79.9,0.002814,7.901177,0.0187,0.004,4,0.78,normal,0
MEA_0037,2024-01-10 0:00,217,37,Pt-Ru/g-C3N4,NiFeO2,92.1,2.7,76.4,30.6,66.1,33.5,4.5,67.1,86.4,63.7,8.94,87.4,Nafion 211,10,0.5M Na2CO3,1.07,2.8,33.33,88.1,40.5,-0.00011,7.877307,0.0199,0.047,4,0.989,normal,0
MEA_0038,2024-01-10 6:00,223,38,Pt/C,IrO2,6.1,52.3,63,43.7,7.8,6.7,73.4,69.7,45.7,7.1,3.63,44.3,AEM-Sustainion X37,1,0.5M H2SO4,1.4,1.6,22.85,65.4,60.9,0.003597,8.679438,0.0119,0.019,4,0.735,normal,0
MEA_0039,2024-01-10 12:00,229,39,Pt/C,,27.7,58.4,25.2,36.2,54.4,97.5,34.1,36.3,47.5,36.2,3.49,54.4,PEM,10,Buffer+1M KCl,1.75,2.1,12.01,41.2,45.7,-0.00059,8.544328,-0.0032,0.016,4,0.944,normal,0
MEA_0040,2024-01-10 18:00,235,40,Pt-Ni/TiO2/CeO2,NiFeO2,80.6,58.1,55.1,6,70.9,81.7,47.9,87.9,38.6,53.5,5.36,57.7,AEM-Sustainion X37,1,1M KOH,1.63,2.8,36.62,52.5,73.4,0.003958,9.474458,-0.0069,0.021,4,0.716,warning,1
MEA_0041,2024-01-11 0:00,241,41,Pt-Ni/TiO2/CeO2,NiFeO2,74.8,45,35,45.1,16.7,85.3,92.9,72.5,96.7,99.6,9.44,32.6,Nafion 211,5,0.5M Na2CO3,1.29,0.7,35.69,66.2,49.3,0.000572,9.61231,0.0024,0.027,4,0.946,normal,0
MEA_0042,2024-01-11 6:00,247,42,Pt/Graphite,,18.5,7.8,20.4,3.3,78.1,93.8,33.2,11.3,69.7,47.5,0.95,22.5,PEM,5,0.5M H2SO4,1.5,2.4,8.51,63.3,73.5,0.003133,10.386161,0.0157,0.005,4,0.761,normal,0
MEA_0043,2024-01-11 12:00,253,43,Pt-Co/TiO2/g-C3N4,RuO2,20.9,45.5,67.3,26.7,58.4,8.5,46.5,40.8,8.3,81.6,3.85,95.8,Nafion 211,20,1M KOH,2.09,2,45.82,87.3,47.1,0.004542,11.535287,0.0117,0.037,4,0.688,normal,0
MEA_0044,2024-01-11 18:00,259,44,Carbon Paper,NiFeO2,37,1.5,3.1,7.1,95.2,38.6,1.4,88.6,86.3,43.2,8.64,39.3,PEM,1,0.5M Na2CO3,2,2,4.16,69.8,75.1,0.001039,11.804388,0.0165,0.04,4,0.906,normal,0
MEA_0045,2024-01-12 0:00,265,45,Pt-Ru/g-C3N4,RuO2,48.5,1.3,72.1,0.6,4.2,7.1,8.2,4.7,48.1,79.6,4.26,39.2,Nafion 212,5,0.5M Na2CO3,1.11,1.2,3.7,77.9,31.8,0.002017,12.338893,0.0085,0.062,4,0.832,normal,0
MEA_0046,2024-01-12 6:00,271,46,Pt-Ru/g-C3N4,IrO2,61.8,19.4,36.9,21.1,26.5,21.1,25.9,96.1,6.9,59.5,2.39,26.7,Nafion 212,5,Buffer+1M KCl,2.12,2.2,10.18,65.8,47,0.001779,12.821002,-0.0061,0.016,4,0.849,normal,0
MEA_0047,2024-01-12 12:00,277,47,Carbon Paper,RuO2,36.9,29.3,51,14.8,60.2,22.9,2.8,67.9,55,88.7,4.54,94.3,Nafion 212,1,0.5M H2SO4,1.08,2.5,45.56,64.2,59.9,-5.40E-05,12.806044,-0.0066,0.031,4,0.995,critical,1
MEA_0048,2024-01-12 18:00,283,48,Pt/Graphite,IrO2,46.3,46.2,52.7,24.3,29.7,46.9,63.1,63.1,41.7,41.1,4.16,66.4,Nafion 211,5,1M KOH,1.81,0.8,26.48,64.5,32.7,0.002542,13.52543,-0.0086,0.019,4,0.797,normal,0
MEA_0049,2024-01-13 0:00,289,49,40wt%_Pt/C,RuO2,74.7,41,71.6,28.9,71.4,26.9,42.6,27.1,87.8,60.4,9.2,73.4,Nafion 211,10,0.5M Na2CO3,1.39,1.8,39.61,62.6,41.2,0.003458,14.524792,0.007,0.05,4,0.743,normal,0
MEA_0050,2024-01-13 6:00,295,50,40wt%_Pt/C,NiFeO2,3.7,26.8,50.9,2.2,75.9,10.1,54.8,24.9,20.4,63,7.74,92.9,PEM,5,Buffer+1M KCl,1.88,0.8,12.16,69.6,86.1,0.004501,15.852587,-0.0027,0.07,4,0.69,warning,1
MEA_0051,2024-01-13 12:00,301,51,Pt/Graphite,NiFeO2,25.2,16.4,49.1,6.2,10.3,16.7,17.5,94.2,82.6,41.7,5.3,47.6,PEM,1,1M KOH,1.39,2.7,25.02,53.8,88.6,0.004105,17.088192,0.012,0.025,4,0.709,normal,0
MEA_0052,2024-01-13 18:00,307,52,40wt%_Pt/C,IrO2,71.3,59.8,5.3,27.9,51.4,14.7,29.6,29.8,55.8,14.4,9.89,69.7,PEM,10,1M KOH,2.48,1.8,18.56,89,74.4,0.00206,17.720612,0.0106,0.076,4,0.829,warning,1
MEA_0053,2024-01-14 0:00,313,53,Pt-Ni/TiO2/CeO2,,89.5,25.6,41.5,17.2,50.9,97.3,66.4,77.6,5.5,9.4,4.92,23.1,PEM,10,0.5M Na2CO3,1.46,2.5,41.56,58.3,45.1,0.003314,18.757894,-0.0005,0.02,4,0.751,normal,0
MEA_0054,2024-01-14 6:00,319,54,Pt-Ru/g-C3N4,IrO2,51.2,27.1,12,36.5,36.9,75.9,96.5,39.3,97.2,1.7,1.05,34.9,AEM-Sustainion X37,5,1M KOH,1.36,1.4,2.11,48.1,45.6,0.003805,19.971689,-0.0047,0.003,4,0.724,normal,0
MEA_0055,2024-01-14 12:00,325,55,Pt/Graphite,IrO2,53.2,9.8,59,32.6,93.3,96.8,5,13.9,51.3,87.4,2.99,86.5,Nafion 212,20,0.5M Na2CO3,1.42,0.8,12.95,45.3,68.7,0.001961,20.609014,-0.0069,0.018,4,0.836,normal,0
MEA_0056,2024-01-14 18:00,331,56,Pt-Ru/g-C3N4,RuO2,10.7,47.7,41,42.3,82.8,44,89,1.1,29.1,23.6,4.64,81.3,AEM-Sustainion X37,10,Buffer+1M KCl,2.34,0.6,8.48,40.7,37.1,-0.000307,20.507397,0.0121,0.028,4,0.97,warning,1
MEA_0057,2024-01-15 0:00,337,57,Carbon Paper,RuO2,44.7,41.6,54.4,34.6,69.7,27.8,57.7,54.4,46.9,21.2,1.99,48.1,AEM-Sustainion X37,1,Buffer+1M KCl,1.95,1.2,43.1,63.3,86.9,0.001628,21.056033,0.0035,0.011,4,0.86,critical,1
MEA_0058,2024-01-15 6:00,343,58,Pt/C,IrO2,53.3,13.2,3.3,21.5,71.4,79.8,56.4,97.6,85.8,73.6,9.5,50.1,AEM-Sustainion X37,20,1M KOH,2.1,1.1,23.91,50.3,43.5,0.004055,22.446898,-0.0003,0.03,4,0.711,normal,0
MEA_0059,2024-01-15 12:00,349,59,Pt-Ni/TiO2/CeO2,NiFeO2,24.2,4.9,6.8,33.6,46.2,32.6,50,36.9,30.5,32,7.79,62.7,AEM-Sustainion X37,20,0.5M Na2CO3,2.38,1.9,20.81,41.2,90,0.00258,23.347318,0.0157,0.052,4,0.795,normal,0
MEA_0060,2024-01-15 18:00,355,60,Pd-Ni/CeO2,RuO2,26.9,40.8,57.3,13.8,92.1,29.9,6.9,35.7,19.3,50.6,3.05,20,Nafion 212,10,0.5M H2SO4,2.37,0.6,23.02,68.6,59.7,0.003347,24.535503,0.0078,0.033,4,0.749,normal,0
MEA_0061,2024-01-16 0:00,361,61,Pt-Ni/TiO2/CeO2,,37.7,39.3,5.8,15.3,69.5,23.3,9,34.4,12.9,16.3,6.11,39.3,AEM-Sustainion X37,5,Buffer+1M KCl,2.11,1.8,48.62,77.4,76.3,0.000112,24.575935,0.0055,0.077,4,0.989,normal,0
MEA_0062,2024-01-16 6:00,367,62,Pt/Graphite,RuO2,2,16.4,5.7,39.4,72.9,13,60.1,52.1,29.8,96,7.35,36.7,PEM,20,0.5M Na2CO3,1.3,1.5,42.66,44.7,30.1,0.004786,26.332397,0.0123,0.047,4,0.676,normal,0
MEA_0063,2024-01-16 12:00,373,63,Pd-Ni/CeO2,RuO2,32.2,57.1,1,22.3,86.2,25.6,34.1,44.1,78,85.2,9.44,40,Nafion 211,5,0.5M Na2CO3,2.27,1.9,35.61,65.4,83.3,0.001424,26.863549,0.0145,0.052,4,0.875,normal,0
MEA_0064,2024-01-16 18:00,379,64,Pt/C,,21.1,9.1,76.5,39.9,27.4,35.5,91.7,88,47.2,86.4,8.88,84.5,PEM,10,0.5M Na2CO3,1.31,2.3,15.23,80.9,46.2,0.002922,27.970987,0.0106,0.034,4,0.774,normal,0
MEA_0065,2024-01-17 0:00,385,65,Pt/Graphite,IrO2,32.7,25.9,59,41.1,80.7,67.4,40.7,50.6,22.7,40.7,5.39,42.4,Nafion 211,1,1M KOH,2.11,2.1,9.09,94.2,70.1,-0.000887,27.629492,0.0032,0.03,4,0.919,normal,0
MEA_0066,2024-01-17 6:00,391,66,Pt-Co/TiO2/g-C3N4,,12,56.6,28.3,42.9,19.5,6.3,14.3,50.8,16.6,76.2,7.86,35.3,PEM,20,0.5M H2SO4,2.03,3,46.15,76.7,78.4,-0.000236,27.537216,0.0014,0.089,4,0.977,normal,0
MEA_0067,2024-01-17 12:00,397,67,Pt-Ru/g-C3N4,IrO2,89.1,25.2,23.7,45.8,34.5,21.1,71.5,13.8,33.3,14.4,5.84,60.3,PEM,1,1M KOH,2.14,0.8,21.73,53.5,39.8,0.003692,29.00294,0.0131,0.042,4,0.73,critical,1
MEA_0068,2024-01-17 18:00,403,68,Pt/C,IrO2,59.4,38.3,28,21.5,33.6,80.9,29.3,98.3,94,0.9,5.75,89.3,Nafion 211,5,Buffer+1M KCl,1.8,1.6,14.66,79.4,56.6,0.004808,30.940564,0.0055,0.019,4,0.675,warning,1
MEA_0069,2024-01-18 0:00,409,69,Pt-Ru/g-C3N4,IrO2,67.9,23.9,62,15.9,97.9,14.7,52.5,25,34.3,2,1.59,39.3,Nafion 212,5,1M KOH,1.96,1.6,24.08,72.9,59.6,0.00092,31.316844,0.0111,0.013,4,0.916,normal,0
MEA_0070,2024-01-18 6:00,415,70,40wt%_Pt/C,,78.9,16.5,52.9,29.1,85.7,34.3,69.8,7.3,98.8,58.7,1.7,26.3,AEM-Sustainion X37,1,0.5M Na2CO3,2.43,1.5,45.97,51.6,48.7,-0.000777,30.994389,0.0167,0.008,4,0.928,warning,1
MEA_0071,2024-01-18 12:00,421,71,Pt-Co/TiO2/g-C3N4,IrO2,49.8,59,14.8,18.6,70.1,86.5,90,66.3,48.5,45.5,5.53,48.5,PEM,10,1M KOH,1.15,2.2,19.97,86.8,58.9,0.001165,31.484854,0.0175,0.019,4,0.896,normal,0
MEA_0072,2024-01-18 18:00,427,72,Pt-Co/TiO2/g-C3N4,NiFeO2,8.7,24.6,13.9,30.1,72.7,15.5,79.2,59.5,17.9,51.8,3.05,79.8,Nafion 212,10,0.5M Na2CO3,1.46,1.7,28.57,63.5,49.1,-0.000895,31.102689,-0.0017,0.018,4,0.918,warning,1
MEA_0073,2024-01-19 0:00,433,73,Pt/C,,53.7,53.6,7.9,35.3,56.2,8.3,67.6,41.5,89.1,0.7,0.7,64.1,AEM-Sustainion X37,20,0.5M H2SO4,1.92,1.8,40.35,92.9,51.6,0.000154,31.169371,-0.0044,0.003,4,0.985,normal,0
MEA_0074,2024-01-19 6:00,439,74,Pt-Co/TiO2/g-C3N4,NiFeO2,58.7,13.8,52.8,34.4,94.7,48.5,68,42.2,46,42.3,7.37,85.3,Nafion 212,20,1M KOH,2.45,1.6,21.93,79.8,70.2,0.003515,32.712456,-0.0022,0.036,4,0.74,normal,0
MEA_0075,2024-01-19 12:00,445,75,Pd-Ni/CeO2,IrO2,74.5,12.8,61.1,18.7,49.6,30.2,94.6,78.5,71,71.8,0.81,96.8,Nafion 212,10,1M KOH,1.14,3,12.44,75.5,68,0.004623,34.769691,0.0125,0.003,4,0.684,warning,1
MEA_0076,2024-01-19 18:00,451,76,Pt-Co/TiO2/g-C3N4,RuO2,43.2,1.9,21.2,8.3,38.1,56.3,29.6,19.6,98.4,44.3,6.16,83.4,AEM-Sustainion X37,10,1M KOH,1.03,2.8,49.73,80.1,43.9,-0.000475,34.555466,0.0011,0.03,4,0.955,normal,0
MEA_0077,2024-01-20 0:00,457,77,Pt-Ru/g-C3N4,IrO2,12.8,39.1,1.7,21.5,16.3,80.4,0.1,82,5,73.2,5.62,68.3,PEM,1,0.5M Na2CO3,1.08,1.3,47.87,66.3,83.8,0.002347,35.628045,-0.0048,0.034,4,0.81,critical,1
MEA_0078,2024-01-20 6:00,463,78,Pt-Ru/g-C3N4,NiFeO2,28.4,22.1,6.6,7.1,78.6,13.7,27.2,64.9,9.7,23.3,9.7,59.5,Nafion 212,5,0.5M Na2CO3,1.08,0.8,42.33,67.8,81.8,0.000523,35.870194,-0.007,0.084,4,0.95,warning,1
MEA_0079,2024-01-20 12:00,469,79,Pt/Graphite,NiFeO2,36.3,51.9,77.4,44.5,73.4,58.1,21.8,41.9,72,81.3,5.1,23.2,PEM,5,1M KOH,2.36,2.6,34.73,86.8,60.5,-0.000166,35.79234,-0.0002,0.026,4,0.984,critical,1
MEA_0080,2024-01-20 18:00,475,80,Pt-Ru/g-C3N4,,64.6,28.4,23.6,17.3,38.4,50.6,66.2,45.8,28.2,58.8,1.1,98.7,PEM,20,1M KOH,2.08,3,15.45,77.5,56,0.000314,35.94149,-0.0059,0.006,4,0.97,normal,0
MEA_0081,2024-01-21 0:00,481,81,Pt/Graphite,RuO2,57.1,58.1,61.5,7.7,2.5,14.4,63.4,25.7,18.4,21.1,5.74,50.7,PEM,10,0.5M H2SO4,2.02,1.2,45.76,89.3,52.6,0.002467,37.128117,-0.0053,0.047,4,0.802,normal,0
MEA_0082,2024-01-21 6:00,487,82,Pt-Ru/g-C3N4,,35.6,11.1,50,1.3,83.9,62.4,59.3,75.2,3.9,23.7,8.49,32.2,AEM-Sustainion X37,1,0.5M H2SO4,1.78,1.4,14.5,89,72.4,-0.000609,36.831534,0.0105,0.042,4,0.943,normal,0
MEA_0083,2024-01-21 12:00,493,83,Pd-Ni/CeO2,NiFeO2,98.7,52.1,30.6,32.3,1.1,27.4,1.6,51.3,2.2,62.8,9.97,73.3,Nafion 211,20,Buffer+1M KCl,2.17,2.9,40.24,93.7,70.3,0.001605,37.622799,-0.0094,0.121,4,0.862,critical,1
MEA_0084,2024-01-21 18:00,499,84,Carbon Paper,IrO2,60.6,46.6,16.5,31.8,70.4,48.8,72.9,32.1,77.4,83,4.59,42.7,PEM,1,0.5M H2SO4,1.23,2.3,45.99,78.5,41.8,-0.000189,37.528488,-0.0065,0.02,4,0.981,normal,0
MEA_0085,2024-01-22 0:00,505,85,Pt/Graphite,RuO2,23.7,46.3,9.7,17,97,8.2,32.4,59.6,13.4,41.6,3.54,66.9,Nafion 211,10,0.5M H2SO4,1.59,1.2,30.55,67.6,70.3,0.000636,37.849668,0.0153,0.031,4,0.94,normal,0
MEA_0086,2024-01-22 6:00,511,86,Pt-Ni/TiO2/CeO2,IrO2,10.2,50.7,49.2,3.6,43.8,46,66.5,99.6,46.8,25.8,9.11,66.9,Nafion 211,10,0.5M H2SO4,1.74,2,40.35,49.1,45.1,0.000145,37.923763,0.0153,0.035,4,0.986,normal,0
MEA_0087,2024-01-22 12:00,517,87,40wt%_Pt/C,IrO2,15.3,45.7,62,20.5,23.5,30.6,55.7,43.5,60.6,86.7,2.32,55.7,Nafion 212,10,0.5M Na2CO3,1.17,2.9,39.79,78.8,31.1,0.004298,40.145829,-0.0001,0.012,4,0.699,normal,0
MEA_0088,2024-01-22 18:00,523,88,Pt/C,RuO2,24.6,37.6,51.5,15.6,70.5,82.2,34.3,92.1,42.8,66.9,6.35,86.9,PEM,5,0.5M H2SO4,1.63,2.5,10.46,56,72,0.003248,41.844533,-0.0074,0.025,4,0.755,normal,0
MEA_0089,2024-01-23 0:00,529,89,Pt-Ru/g-C3N4,,16.1,7.9,42.4,33.9,81.7,5.7,13.5,34.5,2.7,44.8,4.35,41.2,PEM,10,0.5M H2SO4,1.47,2.4,33.73,55.6,68.7,0.004211,44.072152,0.0111,0.077,4,0.704,normal,0
MEA_0090,2024-01-23 6:00,535,90,Pt-Co/TiO2/g-C3N4,IrO2,18.7,2,3.4,30.3,54.6,41.9,9.4,5.5,78.4,48.8,0.89,55.9,PEM,20,1M KOH,1.05,2.3,5.58,53.1,54.6,0.001301,44.768187,0.0008,0.007,4,0.885,warning,1
MEA_0091,2024-01-23 12:00,541,91,Carbon Paper,NiFeO2,28.5,55.3,77.5,18.2,96.7,45.8,83.2,20.4,1.1,20.4,3.8,63,Nafion 211,5,0.5M Na2CO3,1.21,0.9,25.88,88.1,61.5,0.00088,45.244267,-0.0086,0.025,4,0.919,normal,0
MEA_0092,2024-01-23 18:00,547,92,Pt-Ru/g-C3N4,IrO2,17.3,37,63.9,10.9,5.2,72.5,91.8,41.9,76.2,62.7,3.02,73.1,AEM-Sustainion X37,1,Buffer+1M KCl,2.15,2.6,8.95,87.7,86.8,0.001284,45.946615,-0.0053,0.011,4,0.886,warning,1
MEA_0093,2024-01-24 0:00,553,93,Pt-Co/TiO2/g-C3N4,RuO2,89.7,47.8,23.4,49.4,50.5,57.4,65,22,89.3,35.9,7.02,82.7,Nafion 211,20,Buffer+1M KCl,1.03,1.2,21.4,74.7,65.7,-0.000889,45.454998,-0.0059,0.03,4,0.918,normal,0
MEA_0094,2024-01-24 6:00,559,94,40wt%_Pt/C,RuO2,8,28.9,78.4,22.7,71.8,66.7,10.3,0,43.3,99.6,9.51,51.6,PEM,20,0.5M H2SO4,2.4,2.8,41.82,66,69.5,0.003348,47.32653,0.0077,0.079,4,0.749,normal,0
MEA_0095,2024-01-24 12:00,565,95,40wt%_Pt/C,RuO2,52.5,7,48.2,34.4,86.3,77.7,40.2,91.5,53.6,48,3.05,71.7,PEM,1,Buffer+1M KCl,1.13,1.4,49.37,77,33.8,0.001099,47.947465,0.0169,0.012,4,0.901,normal,0
MEA_0096,2024-01-24 18:00,571,96,40wt%_Pt/C,,41,7.5,46.6,7,17.9,86.2,72.9,84.4,47.7,48.6,8.21,32,PEM,5,Buffer+1M KCl,2.2,2.6,16.58,73.4,40,0.00088,48.449945,0.0138,0.028,4,0.919,normal,0
MEA_0097,2024-01-25 0:00,577,97,Pt-Co/TiO2/g-C3N4,IrO2,98.2,41.1,59.8,24.3,80,31.4,78,74.2,38.9,56.6,1.03,94.6,Nafion 211,20,Buffer+1M KCl,2.35,1.2,27.07,62.9,48.1,0.002589,49.943798,0.0064,0.005,4,0.794,normal,0
MEA_0098,2024-01-25 6:00,583,98,Pt-Ru/g-C3N4,,11.2,25.8,64.9,1.4,55.3,53.8,11.8,16.8,88.7,91.7,5.61,50.6,PEM,20,0.5M H2SO4,2.41,1.8,26.05,60.9,62.4,0.001617,50.886509,0.0027,0.033,4,0.861,warning,1
MEA_0099,2024-01-25 12:00,589,99,40wt%_Pt/C,,39.8,12,52.5,25.3,39.7,84,0,12,89.4,80.1,1.17,78.4,Nafion 212,20,Buffer+1M KCl,2.3,0.8,47.77,61.1,76.6,0.004885,53.763774,0.0086,0.006,4,0.672,normal,0
MEA_0100,2024-01-25 18:00,595,100,Pd-Ni/CeO2,RuO2,96.9,29.5,10.2,48.2,13.2,98.9,71.2,6.8,33.6,45.1,9.37,21.6,PEM,5,0.5M H2SO4,1.43,2.2,24.45,72.4,49.3,0.001138,54.440884,0.0033,0.044,4,0.898,normal,0
MEA_0101,2024-01-26 0:00,601,101,Pt/Graphite,RuO2,86.6,3.9,27.1,19.2,86.5,89,35.7,72.4,61.5,71.9,7.78,36.4,AEM-Sustainion X37,5,1M KOH,1.5,2.6,35.26,75.6,51.4,0.002683,56.053367,-0.0026,0.03,4,0.788,normal,0
MEA_0102,2024-01-26 6:00,607,102,Pt-Co/TiO2/g-C3N4,,81.7,34.9,74.2,1.9,15.7,37.1,25.4,92.9,92.7,58.6,6.75,59,Nafion 212,5,1M KOH,1.64,2.3,46.17,64.8,45.4,0.00087,56.581457,0.0104,0.027,4,0.92,warning,1
MEA_0103,2024-01-26 12:00,613,103,Pt-Co/TiO2/g-C3N4,IrO2,25.8,16.1,18,1.5,31,19.5,1.3,43.1,96.2,49.2,8.33,90.3,PEM,20,Buffer+1M KCl,1.21,1.8,19.3,93.3,45.3,0.004944,59.612129,0.0162,0.052,4,0.669,normal,0
MEA_0104,2024-01-26 18:00,619,104,Pt-Ru/g-C3N4,NiFeO2,17.1,47.9,29.8,19.4,29,48.9,54,11.9,50.9,19.2,6.65,62.2,Nafion 212,10,1M KOH,1.03,0.6,45.2,44.6,86.9,0.001671,60.646478,0.0012,0.04,4,0.857,normal,0
MEA_0105,2024-01-27 0:00,625,105,Pt-Co/TiO2/g-C3N4,,66.9,18.6,34.6,8,87.1,74.2,85.1,51.2,45.3,46.4,9.7,94.4,PEM,1,0.5M H2SO4,2.3,2.8,45.96,59.1,68.1,0.002805,62.399603,0.0152,0.038,4,0.781,normal,0
MEA_0106,2024-01-27 6:00,631,106,Pt-Co/TiO2/g-C3N4,IrO2,92.9,27.3,35.2,1.2,67.3,49.3,95.8,34.9,27.9,24.6,7.28,58.7,AEM-Sustainion X37,10,1M KOH,1.83,2.3,46.6,63,39.4,-0.00024,62.248163,0.0029,0.035,4,0.977,critical,1
MEA_0107,2024-01-27 12:00,637,107,40wt%_Pt/C,RuO2,55.7,0.7,49,37.8,79.7,48.3,56.6,37.5,95.9,91.5,9.28,59.2,PEM,5,Buffer+1M KCl,1.91,2.4,14.25,40.9,73.3,0.003398,64.412689,0.002,0.039,4,0.746,normal,0
MEA_0108,2024-01-27 18:00,643,108,Pt-Ru/g-C3N4,RuO2,57.2,4.3,75.4,22.9,25,83.8,51.4,62.1,14.3,33.5,5.41,29.6,Nafion 212,20,0.5M H2SO4,2.39,2.5,20.62,60.1,73.3,0.000615,64.808134,-0.0092,0.026,4,0.942,normal,0
MEA_0109,2024-01-28 0:00,649,109,40wt%_Pt/C,IrO2,28,23.5,19.3,14.5,62.5,36.1,8.5,71.9,58,95.2,1.61,84.2,AEM-Sustainion X37,20,0.5M Na2CO3,2,2.4,43.65,55.1,70,0.001692,65.906242,0.0109,0.009,4,0.855,normal,0
MEA_0110,2024-01-28 6:00,655,110,Pt/Graphite,NiFeO2,76.9,28.8,9.7,45,57.2,86,54.9,11.1,28.3,53.3,5.52,39.8,Nafion 211,10,0.5M H2SO4,2.04,1.6,18.6,67.8,38.1,0.004299,68.722087,0.0142,0.031,4,0.699,warning,1
MEA_0111,2024-01-28 12:00,661,111,Carbon Paper,RuO2,18.7,36,15.8,5.8,83.3,40.7,38,3.6,27.9,63.2,1.71,92,AEM-Sustainion X37,10,1M KOH,2.18,2.3,30.41,58.5,54.5,0.004823,71.91009,0.0099,0.016,4,0.675,normal,0
MEA_0112,2024-01-28 18:00,667,112,Pt/Graphite,RuO2,32.4,17.5,71,47.8,90.6,32.8,60.7,99.4,40.5,54.3,6.13,92.9,AEM-Sustainion X37,1,0.5M Na2CO3,1.17,2.1,6.78,79.9,36.4,0.001547,72.941939,-0.0055,0.026,4,0.866,warning,1
MEA_0113,2024-01-29 0:00,673,113,Carbon Paper,RuO2,42.5,41.7,51.7,15.7,1.2,45.4,38.9,23.3,99.9,12.9,5.08,95.5,AEM-Sustainion X37,20,0.5M H2SO4,1.54,2.6,3.76,68,79,0.004009,75.639996,-0.0069,0.024,4,0.714,normal,0
MEA_0114,2024-01-29 6:00,679,114,40wt%_Pt/C,IrO2,50.8,51.6,22.9,44.4,67.4,76.2,24,5.4,5.5,37.6,6.41,61.6,Nafion 212,10,0.5M Na2CO3,2.45,2.5,21.19,47.1,69.3,-0.00068,75.178276,0.0072,0.058,4,0.936,normal,0
MEA_0115,2024-01-29 12:00,685,115,Pt/Graphite,,24.2,46.8,65.3,30.1,5.2,12.6,9.5,19,57.9,9.9,0.6,74.2,AEM-Sustainion X37,1,0.5M Na2CO3,2.38,0.6,29.37,81.3,60.4,0.004085,77.976501,0.002,0.006,4,0.71,normal,0
MEA_0116,2024-01-29 18:00,691,116,Pt-Ru/g-C3N4,RuO2,11.5,2.4,68.9,41.3,54.9,19.6,31.5,3.9,8.3,62.3,2.35,82.3,PEM,5,0.5M Na2CO3,2.33,1.4,20.24,45.5,50.6,0.002777,79.895408,0.0029,0.037,4,0.783,warning,1
MEA_0117,2024-01-30 0:00,697,117,Pt/C,,61.1,28.8,67.7,49.2,28.8,95.1,9.7,39.2,15.5,44.7,5.17,30.5,AEM-Sustainion X37,10,0.5M H2SO4,1.68,0.6,29.31,86.1,41.1,0.001932,81.242012,0.019,0.032,4,0.838,normal,0
MEA_0118,2024-01-30 6:00,703,118,40wt%_Pt/C,NiFeO2,28.9,6.3,73.5,14.4,30.7,17.5,17.7,80.2,44,77.8,9.53,68.1,AEM-Sustainion X37,5,1M KOH,2.29,0.8,26.24,91.2,36.4,0.00434,84.293032,0.0117,0.06,4,0.697,warning,1
MEA_0119,2024-01-30 12:00,709,119,Carbon Paper,RuO2,58.1,14.5,20.2,48.1,35.3,56.8,98.7,34.1,51,22,4.14,22.7,PEM,1,0.5M H2SO4,1.07,2,34.6,57.7,88.2,0.004072,87.18008,0.0024,0.017,4,0.711,normal,0
MEA_0120,2024-01-30 18:00,715,120,Pd-Ni/CeO2,RuO2,15.4,59.2,60.4,19.5,62.1,57.9,44.4,44.4,25.9,16.5,4.53,59.8,PEM,5,1M KOH,1.22,2.7,32.83,90.9,42,0.000782,87.73921,-0.0094,0.026,4,0.927,critical,1
MEA_0121,2024-01-31 0:00,721,121,Carbon Paper,NiFeO2,48.1,8.5,36.8,19.3,33.4,49,53.2,67.6,31.6,40.6,7.29,32.4,Nafion 211,20,0.5M H2SO4,1.62,0.8,21.79,83.6,33.6,0.003749,90.442239,-0.009,0.036,4,0.727,normal,0
MEA_0122,2024-01-31 6:00,727,122,Pd-Ni/CeO2,RuO2,53.3,29.9,67.4,17,73.3,64.5,87.4,50.9,8.7,92.7,6.24,34.6,AEM-Sustainion X37,20,0.5M H2SO4,1.73,1.6,21.82,90.7,87.7,-0.000403,90.149258,0.0105,0.029,4,0.961,normal,0
MEA_0123,2024-01-31 12:00,733,123,Pt-Co/TiO2/g-C3N4,,5.2,37.1,58.3,27.1,40.5,23,99.6,86.1,30.3,71,3.34,49.2,Nafion 212,5,0.5M H2SO4,1.4,2.8,7.9,76.6,62.9,0.003937,93.035079,0.0151,0.014,4,0.718,normal,0
MEA_0124,2024-01-31 18:00,739,124,Pt/Graphite,IrO2,33.7,42.1,62.1,7.7,6.8,55.3,58.3,86.6,96.7,41.9,4.4,54.6,AEM-Sustainion X37,20,1M KOH,1.53,2.5,26.15,53,77.8,0.003053,95.291246,0.0112,0.015,4,0.766,normal,0
MEA_0125,2024-02-01 0:00,745,125,Pd-Ni/CeO2,,13.4,33.6,52.5,27.7,78.4,37.2,81.2,1,94.5,51.7,2.57,69.9,AEM-Sustainion X37,1,0.5M H2SO4,1.24,1.8,29.77,89.2,32.6,-0.000473,94.938861,0.0022,0.012,4,0.955,normal,0
MEA_0126,2024-02-01 6:00,751,126,Carbon Paper,IrO2,6.3,0.6,14.2,27.1,28.6,66.2,32.7,77.8,33.5,8.4,9.68,26,PEM,20,0.5M Na2CO3,1.73,2.4,24.35,50.1,64,0.003098,97.265459,-0.0091,0.046,4,0.763,normal,0
MEA_0127,2024-02-01 12:00,757,127,Pt-Co/TiO2/g-C3N4,IrO2,99,19.6,43.6,38.1,43.3,14.1,30.6,46.1,57.1,98.5,1.74,60.3,Nafion 211,5,0.5M H2SO4,2.19,1.8,16.96,51.7,53.9,0.002483,99.14509,0.019,0.012,4,0.801,normal,0
MEA_0128,2024-02-01 18:00,763,128,Pt/C,,32.2,31.1,78.8,41.7,68.5,57.1,40.3,98.9,91,66.6,4.03,34.6,AEM-Sustainion X37,5,0.5M Na2CO3,1.99,0.9,36.36,54.9,76.3,0.002567,101.103711,0.0196,0.014,4,0.796,normal,0
MEA_0129,2024-02-02 0:00,769,129,Pt-Ru/g-C3N4,,81,5.3,75,22,33.2,18.5,67.3,48.3,0.6,28.5,0.75,65.9,Nafion 212,5,Buffer+1M KCl,1.16,0.8,4.66,56.7,32.3,0.000745,101.676616,0.0065,0.006,4,0.931,normal,0
MEA_0130,2024-02-02 6:00,775,130,Pt-Ru/g-C3N4,,25.5,21,3.5,15.1,5.7,27.9,68.2,98.7,81.1,58.6,2.61,71,AEM-Sustainion X37,10,Buffer+1M KCl,1.73,1,45.81,68.3,54.1,0.000599,102.140841,-0.0079,0.009,4,0.943,normal,0
MEA_0131,2024-02-02 12:00,781,131,Pt-Ru/g-C3N4,,68.2,2,13.2,13,37.4,21.9,31.5,75.5,94.8,10.9,7.91,64.5,Nafion 212,5,1M KOH,2.05,1.4,2.01,79.2,77.9,0.003575,104.932916,0.0062,0.035,4,0.737,normal,0
MEA_0132,2024-02-02 18:00,787,132,Pd-Ni/CeO2,NiFeO2,76,4.7,10.5,9.7,94.4,18.3,13.3,24.9,9.1,96.6,2.41,79.1,PEM,1,1M KOH,1.79,2.8,48.16,90.9,61.4,0.000541,105.358683,0.0168,0.037,4,0.949,normal,0
MEA_0133,2024-02-03 0:00,793,133,Pt/C,RuO2,59.6,23.8,58.1,2.9,64.2,82.6,63.2,53.8,16.1,17.5,1.26,46.8,Nafion 211,20,Buffer+1M KCl,1.59,2.5,23.66,44.9,63,0.001678,106.689337,0.0104,0.006,4,0.856,normal,0
MEA_0134,2024-02-03 6:00,799,134,Pd-Ni/CeO2,IrO2,47.2,8,65.4,17.1,67.1,28.6,12.8,99.2,96.1,64.8,5.01,81.2,AEM-Sustainion X37,20,0.5M H2SO4,1.93,1.6,21.22,92.5,35.8,0.003169,109.221368,0.0116,0.021,4,0.759,normal,0
MEA_0135,2024-02-03 12:00,805,135,Pt/Graphite,,41.2,34.1,17.1,13.5,63.2,92.7,57.8,85.8,53.8,24.5,0.59,54.6,Nafion 211,10,0.5M H2SO4,2.45,1.7,13.57,90.7,37.9,-0.000522,108.801158,-0.0075,0.002,4,0.95,warning,1
MEA_0136,2024-02-03 18:00,811,136,Pd-Ni/CeO2,,34.9,41.4,40.5,48.3,19.9,97,69.3,9.7,1.4,71.8,1.31,58.7,AEM-Sustainion X37,10,0.5M H2SO4,1.14,1.2,1.49,43,70.6,0.002567,110.882995,-0.0068,0.007,4,0.796,critical,1
MEA_0137,2024-02-04 0:00,817,137,Pt/C,,93,48,67.3,27.9,41.8,57.1,70.1,70.6,25.8,77.7,8.17,71.8,Nafion 212,1,Buffer+1M KCl,1.59,2.3,14.46,59.8,70.5,0.002536,112.954907,-0.0062,0.037,4,0.798,normal,0
MEA_0138,2024-02-04 6:00,823,138,Pt/C,NiFeO2,83.1,12,58.6,17.4,75.1,14.3,75.3,34.6,45,67.3,7.83,21.5,Nafion 211,5,0.5M Na2CO3,1.61,2.5,6.36,84.7,88.7,0.003105,115.510322,0.0171,0.046,4,0.763,normal,0
MEA_0139,2024-02-04 12:00,829,139,Pt/Graphite,,96.5,10,43.4,29,10.1,37.5,87.3,0.7,69.3,61.4,9.19,72.3,AEM-Sustainion X37,10,1M KOH,1.87,1.1,33.33,73.6,72.7,0.00122,116.521702,0.0058,0.047,4,0.891,normal,0
MEA_0140,2024-02-04 18:00,835,140,Pt/C,,12.4,6.3,47.2,7,27.8,79.8,50,40.3,73.3,89.2,8.62,69.5,PEM,20,0.5M Na2CO3,1.23,0.6,16.63,82.9,59.6,0.001694,117.936192,0.0137,0.035,4,0.855,normal,0
MEA_0141,2024-02-05 0:00,841,141,Carbon Paper,,73.1,38.2,40.7,22.2,27.6,36.7,73,23.5,99.5,7.9,6.99,44.8,Nafion 212,10,Buffer+1M KCl,1.26,2.1,38.59,79.5,81.4,0.00098,118.760372,-0.0065,0.03,4,0.911,normal,0
MEA_0142,2024-02-05 6:00,847,142,Pt/C,RuO2,93.8,42.4,23.8,31.3,43.2,8.7,61.9,81.9,28.8,33.1,1,26.9,Nafion 211,10,0.5M Na2CO3,1.43,1.9,11.14,67.3,36.3,0.003849,122.020475,0.0178,0.006,4,0.722,normal,0
MEA_0143,2024-02-05 12:00,853,143,Pt-Ru/g-C3N4,NiFeO2,18.1,1.9,45.2,24.4,98,55.7,18.7,33.7,53.8,24.8,7.94,27.3,AEM-Sustainion X37,5,0.5M H2SO4,2.43,1.5,45.11,42.3,57,-0.000216,121.836227,0.0146,0.049,4,0.979,normal,0
MEA_0144,2024-02-05 18:00,859,144,Carbon Paper,,6.6,56.2,55.1,20.1,6.8,84.5,2.6,82.8,53.3,98.8,8.53,93.9,Nafion 211,10,0.5M H2SO4,2.1,2.1,26.63,72.1,47.2,0.004778,125.940529,-0.0033,0.038,4,0.677,normal,0
MEA_0145,2024-02-06 0:00,865,145,Carbon Paper,IrO2,74.1,3.1,69.9,49.7,51.9,79.6,28.5,0.1,40.6,38.9,8.09,75.1,AEM-Sustainion X37,1,0.5M Na2CO3,1.99,1.9,6.61,42.7,36.3,0.002809,128.370314,0.0162,0.054,4,0.781,normal,0
MEA_0146,2024-02-06 6:00,871,146,Pt/Graphite,IrO2,57.4,32.5,50.9,44,17.9,17.5,44.3,30.8,16.9,73.3,5.33,30.2,Nafion 212,20,Buffer+1M KCl,2.23,1.1,20.64,73.2,75.8,0.004321,132.133905,-0.0021,0.049,4,0.698,normal,0
MEA_0147,2024-02-06 12:00,877,147,Pt-Ni/TiO2/CeO2,IrO2,84.2,42.5,60.9,31.2,97.1,67.3,61.7,24.1,97.7,68.5,2.71,48.5,PEM,5,0.5M Na2CO3,1.19,1.5,11.13,84,60.6,0.001557,133.499394,-0.0038,0.011,4,0.865,normal,0
MEA_0148,2024-02-06 18:00,883,148,Pt-Ni/TiO2/CeO2,NiFeO2,14,52.3,12.8,28.5,11.3,22.1,85,23.4,85.3,21.2,8.53,67.4,Nafion 212,20,0.5M H2SO4,2.29,1.6,10.78,72.2,63.4,0.000994,134.377096,-0.0021,0.04,4,0.91,normal,0
MEA_0149,2024-02-07 0:00,889,149,Pt/C,NiFeO2,79.5,42.8,36.9,31,40.4,21.8,19.6,6.8,49.8,23.9,7.41,86.8,Nafion 211,1,0.5M H2SO4,1.89,2.7,25.81,94.8,54.7,0.004404,138.292252,0.0173,0.076,4,0.694,normal,0
MEA_0150,2024-02-07 6:00,895,150,Carbon Paper,IrO2,20.2,48.1,0.7,10.1,73.8,87.4,12.6,18.7,60.3,28.1,9.82,23.5,Nafion 211,1,Buffer+1M KCl,1.5,2.9,33.92,65.1,57.6,-0.000407,137.927987,0.0175,0.055,4,0.961,warning,1
MEA_0151,2024-02-07 12:00,901,151,Pt-Ni/TiO2/CeO2,,16.4,20.4,19.7,19.8,70.5,25,96.3,55.6,22.7,41.1,1.98,38.9,AEM-Sustainion X37,10,0.5M Na2CO3,2.22,2.7,45.67,81.2,37,-0.000297,137.66039,-0.0001,0.01,4,0.971,warning,1
MEA_0152,2024-02-07 18:00,907,152,Pt-Ni/TiO2/CeO2,NiFeO2,16.4,48.9,58.1,2,42.3,26.3,10.8,29.1,54.4,23.4,2.64,91.2,Nafion 212,10,0.5M H2SO4,2.2,2.3,25.61,76.7,70.4,0.000796,138.382362,0.0112,0.022,4,0.926,normal,0
MEA_0153,2024-02-08 0:00,913,153,Pt/C,IrO2,81.5,4.8,79.3,23.8,34.7,0.1,47.8,41.7,69.5,2,2.51,20.7,AEM-Sustainion X37,10,0.5M H2SO4,2.27,2,48.33,94.5,55.9,0.004759,142.727329,0.0103,0.016,4,0.678,normal,0
MEA_0154,2024-02-08 6:00,919,154,Pt-Ni/TiO2/CeO2,IrO2,66.5,53.7,7.9,27.2,39.8,87.1,58.6,37.7,51.5,87.9,8.03,36.1,Nafion 212,20,0.5M Na2CO3,1.17,2.2,47.14,79.2,79,0.002798,145.298691,0.0142,0.034,4,0.781,normal,0
MEA_0155,2024-02-08 12:00,925,155,Pd-Ni/CeO2,,52.3,32.9,32.1,11.4,26.4,79.3,54.1,87.6,99,96.6,2.28,96.7,Nafion 211,1,0.5M Na2CO3,2.45,2.8,43.39,49,41.8,0.002325,147.449316,-0.0011,0.007,4,0.811,normal,0
MEA_0156,2024-02-08 18:00,931,156,Pt-Co/TiO2/g-C3N4,RuO2,35.9,49,64,48.2,20.5,62.7,8.6,90.5,61.1,34.2,1.13,69.1,AEM-Sustainion X37,5,1M KOH,2.44,1.1,25.5,92.6,42.3,0.003232,150.458308,0.0053,0.005,4,0.756,normal,0
MEA_0157,2024-02-09 0:00,937,157,Pt/Graphite,NiFeO2,87.7,27.1,16.3,45.5,48.3,75,5.7,49.3,37.1,33.9,9.99,40.9,AEM-Sustainion X37,10,Buffer+1M KCl,1.54,1.8,7.9,76.7,68.7,0.001505,151.868493,0.01,0.06,4,0.869,normal,0
MEA_0158,2024-02-09 6:00,943,158,Pt-Co/TiO2/g-C3N4,,39.2,38.6,44.4,36.1,26.9,15.2,10.5,33,77.2,0.7,0.74,25.4,Nafion 212,20,Buffer+1M KCl,1.1,2.2,11.68,43.3,80.8,0.003548,155.214257,-0.0092,0.005,4,0.738,normal,0
MEA_0159,2024-02-09 12:00,949,159,Pt/C,IrO2,81.7,31.6,58.6,26.7,28.7,45.8,58.6,10.7,17,68,8.43,22.3,PEM,10,0.5M Na2CO3,1.25,2.2,32.74,76.2,58.3,0.001359,156.503948,0.0013,0.064,4,0.88,normal,0
MEA_0160,2024-02-09 18:00,955,160,Pt-Ru/g-C3N4,IrO2,43.9,43.9,49.3,43.5,65.7,35.1,54.4,95.3,38.5,82.5,3.97,39.6,Nafion 212,1,Buffer+1M KCl,2.49,1.1,21.67,88.6,73.6,0.003958,160.283838,0.0109,0.018,4,0.716,critical,1
MEA_0161,2024-02-10 0:00,961,161,Pt/Graphite,,37.7,4.9,15,6.5,96.9,9.4,23.4,6,34.7,14.7,8.5,90.5,PEM,5,0.5M H2SO4,1.84,2,8.19,71.7,90,0.000604,160.864282,-0.0024,0.115,4,0.943,warning,1
MEA_0162,2024-02-10 6:00,967,162,Pt/C,NiFeO2,46.3,3.6,28.4,39.5,60.4,48.6,63.8,29.8,43.2,16,5.77,53.3,Nafion 212,1,0.5M Na2CO3,1.53,2.5,24.47,59.5,89.4,0.000665,161.507337,0.0187,0.031,4,0.938,normal,0
MEA_0163,2024-02-10 12:00,973,163,Carbon Paper,RuO2,30.1,14.8,62.7,6.2,7.7,92.1,82,29.8,78.2,79,9.07,77.6,Nafion 211,20,0.5M Na2CO3,1.43,1.7,1.85,85.2,74.7,0.002134,163.583719,-0.0091,0.032,4,0.824,normal,0
MEA_0164,2024-02-10 18:00,979,164,Pt-Ru/g-C3N4,RuO2,74.8,9.6,44.3,39.7,7.6,4,4.2,32,48.4,61.6,9.3,93.5,AEM-Sustainion X37,10,0.5M Na2CO3,1.39,2.5,36.96,83,74.4,0.001585,165.135434,0.0187,0.105,4,0.863,normal,0
MEA_0165,2024-02-11 0:00,985,165,Pt-Co/TiO2/g-C3N4,IrO2,50.3,52.3,0.4,13.8,95.1,29.1,49.8,16.4,79.4,4.5,0.59,52.6,Nafion 212,1,1M KOH,2,1.4,4.61,69.9,44.9,0.002889,167.981099,-0.0035,0.003,4,0.776,warning,1
MEA_0166,2024-02-11 6:00,991,166,Pt/C,NiFeO2,23.2,13.2,60.9,43.9,29.7,20.8,68.9,78.3,57.6,62.3,1.22,35.3,Nafion 211,20,Buffer+1M KCl,1.63,2.8,31.83,48.5,80,0.001186,169.156425,-0.0085,0.005,4,0.894,warning,1
MEA_0167,2024-02-11 12:00,997,167,Carbon Paper,RuO2,90,58.6,2.8,47.2,9.2,23.8,25.2,12.2,34.2,30.9,2.88,61.4,Nafion 212,10,1M KOH,2.45,1.8,39.86,53.8,54.3,0.000383,169.538276,-0.0012,0.03,4,0.963,critical,1
MEA_0168,2024-02-11 18:00,1003,168,Pt/Graphite,NiFeO2,38.4,20.2,59.7,7.4,59.9,90.8,30.8,63.5,81,36.9,6.86,92.6,AEM-Sustainion X37,5,0.5M H2SO4,2.03,2,7.5,80.6,87.7,0.001819,171.362733,0.0136,0.026,4,0.846,normal,0
MEA_0169,2024-02-12 0:00,1009,169,Pt/Graphite,NiFeO2,54.4,10.9,16.2,23.1,62.4,46.8,61.4,12.4,23.8,77,8.94,84.3,Nafion 212,1,Buffer+1M KCl,2.19,0.6,26.41,84.3,34.9,0.002366,173.750027,0.0126,0.062,4,0.809,warning,1
MEA_0170,2024-02-12 6:00,1015,170,40wt%_Pt/C,IrO2,90.6,47.4,76.6,49,64.9,46.6,89.8,7.1,22.4,81.1,4.87,25.3,PEM,10,1M KOH,1.44,0.9,39.17,55.4,56.2,-0.000144,173.603867,-0.0037,0.029,4,0.986,normal,0
MEA_0171,2024-02-12 12:00,1021,171,Carbon Paper,RuO2,62.4,39.5,29.4,24.2,26.7,76.1,81,90.9,50.5,40,6.27,75.4,AEM-Sustainion X37,10,0.5M Na2CO3,1.12,2.1,13.77,60.2,63.4,0.00234,175.993007,-0.0041,0.021,4,0.81,warning,1
MEA_0172,2024-02-12 18:00,1027,172,Pd-Ni/CeO2,,11.7,29.9,26.2,43.2,1.5,15.4,58.3,19,26.1,94.7,2.29,65.8,PEM,10,1M KOH,1.73,1.5,8.98,44.3,54.3,0.000916,176.933739,0.0093,0.019,4,0.916,warning,1
MEA_0173,2024-02-13 0:00,1033,173,Pt-Ni/TiO2/CeO2,IrO2,94,33.3,11.9,29.4,96.5,48.7,73,82.1,0.9,40.6,8.15,92.6,Nafion 211,10,0.5M Na2CO3,1.47,1.8,17.5,79.2,42.6,0.001355,178.333454,0.0037,0.04,4,0.881,normal,0
MEA_0174,2024-02-13 6:00,1039,174,Pt-Ru/g-C3N4,RuO2,62.8,43.2,24.4,18.8,25.1,43,36.5,54.5,64.8,77.2,9.69,29.8,Nafion 211,1,1M KOH,1.3,0.7,28.18,40.2,65.6,0.000676,179.035818,0.0138,0.049,4,0.937,normal,0
MEA_0175,2024-02-13 12:00,1045,175,Carbon Paper,RuO2,33.5,13.7,70.1,14.3,67.6,59.7,64.1,7.8,51.1,48.4,3.05,62.7,Nafion 212,10,1M KOH,2.43,2.6,29.19,42.6,75.4,0.004588,183.830278,-0.0093,0.017,4,0.685,warning,1
MEA_0176,2024-02-13 18:00,1051,176,40wt%_Pt/C,RuO2,13.9,59.8,79.7,10.2,70.7,100,46.6,95.5,44.6,89.8,5.2,90.4,PEM,20,1M KOH,1.67,2.5,7.41,40.2,68.7,0.0031,187.088378,0.0083,0.018,4,0.763,normal,0
MEA_0177,2024-02-14 0:00,1057,177,Pt-Ni/TiO2/CeO2,RuO2,79.4,58.5,29.5,38.1,61,76.9,19,24.7,96.7,90.8,1.32,52.8,PEM,1,0.5M Na2CO3,1.26,1,23.42,75.5,44.1,0.000575,187.696153,0.0119,0.006,4,0.946,normal,0
MEA_0178,2024-02-14 6:00,1063,178,Pt-Ni/TiO2/CeO2,RuO2,62,39,35.9,19.3,31.3,39.8,70.2,86,57.1,8.7,5.81,58.6,AEM-Sustainion X37,10,1M KOH,1.3,2.1,14.15,63,73.9,0.00287,190.746963,0.0198,0.023,4,0.777,normal,0
MEA_0179,2024-02-14 12:00,1069,179,Pt/C,NiFeO2,53.3,12,57.8,25.6,27.1,82.8,55.6,16.9,86.3,93.6,5.28,25.6,PEM,1,Buffer+1M KCl,1.42,2.5,42.26,56.4,45.4,0.004091,195.120242,0.0104,0.022,4,0.71,normal,0
MEA_0180,2024-02-14 18:00,1075,180,Pt-Ni/TiO2/CeO2,IrO2,89.4,40.8,70.9,24.6,59.8,17.1,35.9,85.4,13.9,82.6,1.87,42.3,PEM,20,Buffer+1M KCl,2.5,2.1,16.37,90.2,40.5,0.00141,196.635992,-0.003,0.012,4,0.876,normal,0
MEA_0181,2024-02-15 0:00,1081,181,Pd-Ni/CeO2,NiFeO2,78.9,4.3,47.4,28.9,86.6,3,91.1,1.3,56.9,79.1,4.7,46,AEM-Sustainion X37,20,Buffer+1M KCl,1.4,1.3,42.1,50.6,71.4,0.00398,200.938372,-0.0068,0.031,4,0.715,normal,0
MEA_0182,2024-02-15 6:00,1087,182,Pt/Graphite,,15.2,1.8,31.3,43.3,94.7,20.4,2.1,51.2,86.8,20.1,3.67,95.6,AEM-Sustainion X37,1,0.5M Na2CO3,1.49,2.1,22,61.4,80.6,-7.40E-05,200.857934,0.0092,0.023,4,0.993,normal,0
MEA_0183,2024-02-15 12:00,1093,183,40wt%_Pt/C,RuO2,31.2,15.5,33,49,10.6,34,31.6,76.9,58.3,80.5,5.46,42.6,PEM,10,0.5M Na2CO3,1.99,1,36.6,91.7,58.9,0.003937,205.161075,0.0057,0.027,4,0.718,normal,0
MEA_0184,2024-02-15 18:00,1099,184,Pt-Ni/TiO2/CeO2,IrO2,24.8,27.8,55.6,20.4,15.5,51.1,5.7,93.5,71.8,85,6.06,56.9,Nafion 212,10,Buffer+1M KCl,1.44,1.3,25.99,63.5,61.9,0.002242,207.625033,0.017,0.027,4,0.817,normal,0
MEA_0185,2024-02-16 0:00,1105,185,Pt/C,RuO2,74.4,52.1,0.3,41.4,94.5,61.5,76.7,90.9,37.2,28.9,0.58,73.7,AEM-Sustainion X37,20,Buffer+1M KCl,1.32,1.1,31.48,70.5,48.2,0.000338,207.998523,0.0118,0.002,4,0.967,normal,0
MEA_0186,2024-02-16 6:00,1111,186,Pd-Ni/CeO2,IrO2,3.4,43.6,49.6,38.2,73.7,91.1,70.2,82,9.2,95.2,7.73,33,AEM-Sustainion X37,10,Buffer+1M KCl,1.24,1.9,20.37,44.4,59.7,0.001443,209.601696,0.0053,0.031,4,0.874,normal,0
MEA_0187,2024-02-16 12:00,1117,187,Pt-Co/TiO2/g-C3N4,NiFeO2,57,44.6,28.4,28.7,88.3,51,33.1,88.8,45.8,5,7.27,58.9,PEM,20,0.5M H2SO4,1.47,0.8,38.64,83.5,37.9,0.004928,215.106272,0.0021,0.033,4,0.67,normal,0
MEA_0188,2024-02-16 18:00,1123,188,Pt/Graphite,IrO2,76.2,25.5,63.5,47.8,20.3,50.1,67.6,19.9,39.4,15,3.98,79.1,PEM,10,Buffer+1M KCl,1.16,2.8,21.83,63.3,87.3,0.003701,219.262495,0.0021,0.022,4,0.73,normal,0
MEA_0189,2024-02-17 0:00,1129,189,Pt/Graphite,,87.7,20.8,7.4,10,58.8,5,39.6,28.4,86.7,53.8,1,89.3,AEM-Sustainion X37,20,1M KOH,1.03,1.3,23.42,84,78,0.002451,222.029674,-0.0032,0.006,4,0.803,warning,1
MEA_0190,2024-02-17 6:00,1135,190,40wt%_Pt/C,,34.2,22.3,47.1,5.5,70.1,3.5,75.6,28.9,24.4,57.6,7.67,70.1,PEM,5,0.5M H2SO4,2.21,1,26.37,54,70.1,-0.000309,221.678959,-0.0095,0.058,4,0.97,normal,0
MEA_0191,2024-02-17 12:00,1141,191,Pt/Graphite,IrO2,82.1,59.3,38.5,42.7,68,55.1,45.4,37.7,96.7,64.5,9.57,73.5,AEM-Sustainion X37,10,0.5M H2SO4,1.21,1.7,41.76,63.2,62.3,0.001507,223.398446,0.0072,0.041,4,0.869,warning,1
MEA_0192,2024-02-17 18:00,1147,192,Pt-Ni/TiO2/CeO2,IrO2,11.1,2.4,51.4,22,40.8,43.8,41.2,39.3,95.8,1.7,2.78,30.1,Nafion 212,10,0.5M Na2CO3,2.16,1.2,33.31,83.3,77.5,0.000578,224.061412,-0.0036,0.013,4,0.945,normal,0
MEA_0193,2024-02-18 0:00,1153,193,Pt/C,IrO2,84.6,52,5.2,42.3,1.5,83.9,93.5,54.5,24.8,96,3.57,95.7,Nafion 212,10,1M KOH,2.2,1.8,18.11,93.6,59.7,-0.000574,223.39959,-0.0038,0.014,4,0.946,critical,1
MEA_0194,2024-02-18 6:00,1159,194,Pt/Graphite,IrO2,12.7,34.7,46.4,44.7,58.3,16.1,25.1,16,34.8,4.5,2.25,30.6,AEM-Sustainion X37,1,0.5M Na2CO3,1.81,1.4,33.85,43.3,48,0.002253,226.010817,-0.0062,0.024,4,0.816,normal,0
MEA_0195,2024-02-18 12:00,1165,195,Pt/Graphite,,39.7,26.3,44.9,3.1,25.3,2.5,12,69.1,89.6,14.3,5.98,82,AEM-Sustainion X37,10,0.5M Na2CO3,1.46,0.8,32.48,84.7,39.6,0.004335,231.061092,-0.0043,0.035,4,0.698,normal,0
MEA_0196,2024-02-18 18:00,1171,196,Pt-Co/TiO2/g-C3N4,RuO2,79.7,43.5,44.9,44.2,45,44.9,58.5,16.8,96.7,1.4,1.97,41.2,Nafion 211,1,1M KOH,1.22,1.2,46.62,56.5,68.9,0.003054,234.637326,-0.009,0.009,4,0.766,normal,0
MEA_0197,2024-02-19 0:00,1177,197,Pt-Co/TiO2/g-C3N4,IrO2,15,29.2,48.3,22.4,95.8,23.7,96.9,31,44.3,56.7,3.88,94.7,Nafion 211,1,0.5M Na2CO3,2.11,1.6,42.23,70.3,85.8,0.000498,235.223472,0.0102,0.02,4,0.953,normal,0
MEA_0198,2024-02-19 6:00,1183,198,Pt-Ru/g-C3N4,IrO2,22.9,52.4,54.1,25.5,39.9,5,37.8,50.3,32.1,93.2,7.12,77.6,PEM,20,1M KOH,1.9,0.6,32.72,56,39.2,0.002442,238.112358,0.002,0.057,4,0.804,normal,0
MEA_0199,2024-02-19 12:00,1189,199,Pd-Ni/CeO2,,72.2,54,64.4,31.3,84,72.5,6.2,79.6,52.6,66.6,5.82,80.3,PEM,1,1M KOH,1.98,2.4,17.73,73.7,40.8,0.004659,243.651909,0.0068,0.028,4,0.682,normal,0
MEA_0200,2024-02-19 18:00,1195,200,Pt-Ni/TiO2/CeO2,,72,25.3,21.6,46.3,18.9,11.2,33.9,73.9,68.8,82.3,4.17,37.5,AEM-Sustainion X37,1,0.5M Na2CO3,1.01,2.1,39.2,59.5,56,0.003337,247.639624,0.0091,0.022,4,0.75,normal,0
MEA_0201,2024-02-20 0:00,1201,201,Pt/Graphite,NiFeO2,64.1,16.6,66,1,67.2,60.8,50.6,64.6,27.3,1.3,4.49,55.4,AEM-Sustainion X37,5,Buffer+1M KCl,2.39,2,29.19,58.3,78.4,0.003137,251.407161,0.0192,0.022,4,0.761,warning,1
MEA_0202,2024-02-20 6:00,1207,202,Carbon Paper,IrO2,69.4,35.5,39.9,23.8,97.7,28.1,16.2,15.6,73.6,54.2,5.84,69.4,Nafion 211,10,0.5M Na2CO3,1.1,1.9,49.28,42.1,47.6,0.004809,257.211624,-0.008,0.044,4,0.675,normal,0
MEA_0203,2024-02-20 12:00,1213,203,Pt/Graphite,NiFeO2,54.3,54.7,6.2,34.4,10.2,17.3,65.8,54.7,5.2,46,0.56,81.6,Nafion 211,1,0.5M H2SO4,1.55,2,13.13,48.1,45.2,0.003793,261.812533,0.0025,0.004,4,0.725,normal,0
MEA_0204,2024-02-20 18:00,1219,204,Pt/C,,25.2,12.6,4.7,36.1,0.8,38,99.8,8.7,4.9,49.9,1.25,28.3,AEM-Sustainion X37,10,0.5M Na2CO3,1.6,2.8,4.9,90.4,67.2,-0.00018,261.593113,-0.0026,0.008,4,0.982,normal,0
MEA_0205,2024-02-21 0:00,1225,205,Pt-Ru/g-C3N4,,34.6,37.4,26.7,34.6,43.4,80.1,45.2,37.7,38.6,7.2,8.87,97,Nafion 212,1,1M KOH,1,0.5,4.42,94.9,62.1,0.001086,262.923463,0.0043,0.044,4,0.902,normal,0
MEA_0206,2024-02-21 6:00,1231,206,Pd-Ni/CeO2,RuO2,18.2,37.9,62.8,6.7,9.3,39.2,35.5,41.4,35.3,68.4,1.24,91.2,Nafion 212,20,0.5M H2SO4,1.75,0.6,32.36,82.9,33.6,0.004791,268.821184,0.0176,0.008,4,0.676,critical,1
MEA_0207,2024-02-21 12:00,1237,207,Carbon Paper,IrO2,90.8,44,56.6,15,74.8,75.1,40.1,4,31.6,50.3,7.21,41.6,PEM,5,1M KOH,2.13,1,47.02,55.8,34.9,0.001938,271.21849,0.0117,0.048,4,0.838,warning,1
MEA_0208,2024-02-21 18:00,1243,208,Pt-Ru/g-C3N4,NiFeO2,58.3,7.9,63.1,17.9,91.5,12.5,11.5,27.4,49.1,76.5,9.24,85.8,AEM-Sustainion X37,1,Buffer+1M KCl,2.23,0.9,1.09,62.1,68.6,-0.00033,270.8083,0.0099,0.092,4,0.968,warning,1
MEA_0209,2024-02-22 0:00,1249,209,40wt%_Pt/C,,40.1,42.9,41.4,40.2,43.4,77.3,88.3,95.6,32.1,48.5,3.07,61.5,AEM-Sustainion X37,10,Buffer+1M KCl,2.32,1,36.56,80.7,57.9,0.001752,272.996548,0.0032,0.01,4,0.851,critical,1
MEA_0210,2024-02-22 6:00,1255,210,Pd-Ni/CeO2,,46.2,54.5,35.2,13.9,25.9,23.7,41.5,95.4,19.2,14.9,4.02,56.9,PEM,20,0.5M H2SO4,1.73,2.2,33.2,93.3,88.3,0.003182,276.989958,0.0101,0.022,4,0.759,normal,0
MEA_0211,2024-02-22 12:00,1261,211,Pt/Graphite,NiFeO2,94.7,10.8,11.8,10.5,43.4,67.7,38.7,35.2,30.9,64.8,5.9,45.2,Nafion 211,10,Buffer+1M KCl,1.95,1.6,36.88,65.1,70.7,0.004985,283.276043,-0.009,0.034,4,0.667,normal,0
MEA_0212,2024-02-22 18:00,1267,212,Pt/Graphite,RuO2,15.3,14.3,26.3,47.9,72.3,56.6,66,4.3,97.5,17.2,8.88,66.5,Nafion 211,20,Buffer+1M KCl,1.12,3,18.41,85.6,30.6,0.000943,284.470824,0.0076,0.04,4,0.914,normal,0
MEA_0213,2024-02-23 0:00,1273,213,Pd-Ni/CeO2,,58.6,58.3,34.7,0.4,0.9,92.9,44.2,17.9,41.1,87.2,9.45,78.4,Nafion 212,5,0.5M Na2CO3,1.73,1.1,41.2,93.6,58.9,0.002085,287.125029,0.0066,0.048,4,0.827,warning,1
MEA_0214,2024-02-23 6:00,1279,214,Pt/Graphite,IrO2,50.6,10.9,7.1,49.9,58.9,38.7,64.8,39.2,44.5,61.3,7.53,52.9,AEM-Sustainion X37,20,0.5M Na2CO3,1.23,1.3,3.19,88,54.9,0.004278,292.596591,0.0004,0.04,4,0.7,warning,1
MEA_0215,2024-02-23 12:00,1285,215,Pt-Ni/TiO2/CeO2,,61.1,51.3,17.6,33.8,61.3,6.6,6.1,94.8,57.7,15.7,1.32,70.3,Nafion 211,10,Buffer+1M KCl,1.55,3,38.02,52.5,36.4,0.001132,294.051211,-0.004,0.008,4,0.898,normal,0
MEA_0216,2024-02-23 18:00,1291,216,Pd-Ni/CeO2,IrO2,1.8,29.5,47.9,41.4,63.8,1.9,81.4,14.1,98.3,96.2,6.86,75.9,Nafion 212,10,Buffer+1M KCl,1.49,2.6,14.09,40.4,85.4,-0.000344,293.607107,0.0142,0.035,4,0.967,normal,0
MEA_0217,2024-02-24 0:00,1297,217,Pt-Ru/g-C3N4,NiFeO2,87.2,14.8,58.9,14.7,24.2,82.7,94.1,76.4,24.2,51.8,4.4,76.9,Nafion 212,1,0.5M Na2CO3,1.64,1.7,24.37,67.1,78.3,0.004694,299.695225,-0.0084,0.016,4,0.681,critical,1
MEA_0218,2024-02-24 6:00,1303,218,Pd-Ni/CeO2,IrO2,93.2,52.2,79.9,0.7,71.4,52.5,64.9,10.9,68.1,7.3,4.97,24.2,Nafion 212,20,Buffer+1M KCl,1.86,1.9,41.31,69.2,43.8,0.001931,302.211318,-0.0079,0.025,4,0.838,normal,0
MEA_0219,2024-02-24 12:00,1309,219,Carbon Paper,NiFeO2,56.5,26.7,74.6,36.9,9.1,77.5,95.5,98.1,71.6,62.7,0.97,88.8,Nafion 211,10,Buffer+1M KCl,2.35,2.6,14.3,51.1,45.4,0.002017,304.851571,0.0032,0.003,4,0.832,warning,1
MEA_0220,2024-02-24 18:00,1315,220,Pt/Graphite,IrO2,69.7,30.9,51.4,41.7,19.9,23.4,15.1,38.2,60.7,25.3,2.32,56.7,Nafion 211,1,1M KOH,1.59,1.7,10.08,55.7,31.9,0.002727,308.437576,-0.0024,0.017,4,0.786,normal,0
MEA_0221,2024-02-25 0:00,1321,221,Pt-Ni/TiO2/CeO2,NiFeO2,92.2,21.6,33.7,37,87.7,34.5,47.7,77.5,8.9,80.4,8.01,41,AEM-Sustainion X37,5,Buffer+1M KCl,2.47,1,34.38,82.1,47.8,-0.000979,307.144317,0.0124,0.047,4,0.911,normal,0
MEA_0222,2024-02-25 6:00,1327,222,Pt-Ni/TiO2/CeO2,IrO2,70.7,35.6,50.9,7.1,73.9,3,60.2,34.3,67.7,81.8,4.81,39.3,AEM-Sustainion X37,10,0.5M H2SO4,2.14,2.6,27.14,65.9,65.1,0.004587,313.231266,0.009,0.029,4,0.686,normal,0
MEA_0223,2024-02-25 12:00,1333,223,40wt%_Pt/C,RuO2,15.3,9.8,62.9,37.7,1.4,96.1,58.2,62.8,6.4,97.9,3.37,58.6,Nafion 212,1,1M KOH,1.77,1.8,26.21,57.5,55.3,0.001169,314.789543,0.0132,0.015,4,0.895,normal,0
MEA_0224,2024-02-25 18:00,1339,224,Pt-Ru/g-C3N4,IrO2,57.6,23.5,9.5,38.4,24.8,66.8,40.1,19.2,59.6,50.2,4.15,90.9,Nafion 212,10,0.5M H2SO4,1.97,0.9,13.58,74.2,88.2,0.001382,316.640041,-0.0003,0.022,4,0.879,normal,0
MEA_0225,2024-02-26 0:00,1345,225,Pt-Co/TiO2/g-C3N4,IrO2,60.7,58.2,32.8,32.9,21.4,93.3,33.8,14.6,74,45.5,8.62,50.3,Nafion 211,20,Buffer+1M KCl,1.15,1.8,2.71,75.9,33.4,4.50E-05,316.700566,0.0122,0.04,4,0.996,normal,0
MEA_0226,2024-02-26 6:00,1351,226,Pt-Co/TiO2/g-C3N4,RuO2,42.4,15.5,67.2,38.3,27.1,26.5,12.7,93.8,21.1,75.3,7.62,80,Nafion 211,1,0.5M Na2CO3,2.27,1.5,21.1,82.3,65.5,0.001269,318.414985,0.0159,0.049,4,0.887,warning,1
MEA_0227,2024-02-26 12:00,1357,227,Pd-Ni/CeO2,,73.6,39.4,30.7,42.3,24.8,61.1,39.2,91.8,84.2,13.2,3.09,27.7,AEM-Sustainion X37,20,1M KOH,1.87,2.7,6.22,48.6,81.5,0.003824,323.604153,0.0004,0.011,4,0.723,normal,0
MEA_0228,2024-02-26 18:00,1363,228,40wt%_Pt/C,,93.4,19.5,45.7,30.7,6.3,67.8,16.3,88.7,3,54.7,1.62,58.1,AEM-Sustainion X37,5,0.5M Na2CO3,2.48,0.8,45.39,80.8,58.8,0.0038,328.783553,0.0002,0.009,4,0.725,warning,1
MEA_0229,2024-02-27 0:00,1369,229,Pt/C,IrO2,92.6,46.4,47,4.4,45.9,31.8,73.4,62.5,84.4,54.6,2.89,99.3,PEM,20,1M KOH,1.95,2.7,3.02,73,30.2,0.004615,335.101488,0.017,0.011,4,0.684,normal,0
MEA_0230,2024-02-27 6:00,1375,230,Pd-Ni/CeO2,RuO2,45.1,7.9,14.8,24.4,73.3,84.8,20.9,80.8,46,8.9,9.25,81.6,AEM-Sustainion X37,1,0.5M Na2CO3,2.25,1.8,22.15,43.2,44.6,0.001419,337.052613,-0.0085,0.04,4,0.876,warning,1
MEA_0231,2024-02-27 12:00,1381,231,40wt%_Pt/C,IrO2,11.3,58.2,29,3.9,60.7,94.7,5.9,6.9,21.8,41.8,6.03,36.8,Nafion 211,10,1M KOH,2.2,1.5,3.56,82.8,49.4,0.003252,341.543625,0.0005,0.047,4,0.755,normal,0
MEA_0232,2024-02-27 18:00,1387,232,Pt-Ru/g-C3N4,NiFeO2,98.5,27.2,26.8,20.4,67.3,88.5,55.2,33.5,13.4,85.3,5.57,60.1,Nafion 212,1,1M KOH,1.52,0.9,5.68,61.1,88,0.002043,344.377266,-0.0064,0.029,4,0.83,normal,0
MEA_0233,2024-02-28 0:00,1393,233,Pt-Ru/g-C3N4,NiFeO2,83.9,14.2,2.1,20.4,8.1,73.9,59.5,31.4,95.3,85.6,6.17,38.7,PEM,20,0.5M H2SO4,1.39,2.3,33.28,58.2,84.7,0.003824,349.704098,-0.0091,0.024,4,0.723,normal,0
MEA_0234,2024-02-28 6:00,1399,234,Pt-Ru/g-C3N4,IrO2,12.5,4.4,1.9,3.3,95.1,27.7,87.2,63.6,7.3,9.9,3.98,52.8,AEM-Sustainion X37,20,0.5M Na2CO3,1.65,2.8,32.71,64.6,87,0.003275,354.285823,-0.0066,0.021,4,0.753,normal,0
MEA_0235,2024-02-28 12:00,1405,235,Pt-Ru/g-C3N4,,92.1,10.2,66.5,17.4,83.8,28.2,57.7,35.6,19.9,9.1,8.17,82.4,AEM-Sustainion X37,10,0.5M H2SO4,1.7,1.4,2.62,59,79.5,0.001207,355.981658,0.0029,0.058,4,0.892,warning,1
MEA_0236,2024-02-28 18:00,1411,236,Pt-Ru/g-C3N4,,87,31.2,21.8,5.5,80.5,96.3,34.5,14.9,34.8,26.3,5.47,81.7,Nafion 211,5,0.5M H2SO4,1.36,1.1,1.06,58.6,51.1,0.00102,357.420878,0.0106,0.03,4,0.907,normal,0
MEA_0237,2024-02-29 0:00,1417,237,40wt%_Pt/C,IrO2,51.9,20.2,41.4,40.4,82.3,1,80.3,59.6,62,87.5,1.61,38.2,PEM,1,0.5M Na2CO3,2.34,1.9,4.86,84.4,84.4,0.000515,358.150633,-0.0013,0.008,4,0.951,normal,0
MEA_0238,2024-02-29 6:00,1423,238,40wt%_Pt/C,IrO2,59.1,49.7,23.9,47.4,93.3,71.6,54,81.4,54.5,12.9,1.73,93.8,AEM-Sustainion X37,10,1M KOH,1.81,2.5,38.39,46.8,88.9,0.002459,361.64979,0.0155,0.007,4,0.803,warning,1
MEA_0239,2024-02-29 12:00,1429,239,Pt-Ni/TiO2/CeO2,NiFeO2,39.9,25.9,75.3,3.6,54.4,70.6,7.9,38.2,12.6,72,5.6,67.4,Nafion 212,10,0.5M H2SO4,2.47,0.5,29.64,93.4,51,0.004783,368.484697,0.0031,0.043,4,0.676,normal,0
MEA_0240,2024-02-29 18:00,1435,240,Carbon Paper,,5.5,14.9,20.7,47.8,20,62.3,56.6,13.2,29,10.1,9.4,50.4,Nafion 211,10,0.5M Na2CO3,2.22,2.1,2.87,70.5,45.6,0.0002,368.771697,0.019,0.058,4,0.98,warning,1
MEA_0241,2024-03-01 0:00,1441,241,Pt-Co/TiO2/g-C3N4,IrO2,33.5,37,34.4,26.1,61.7,99,90.8,19.7,23.9,62.3,3.43,60.2,PEM,1,1M KOH,1.83,2,24.92,50.1,62.8,-0.000428,368.154949,0.0186,0.015,4,0.959,normal,0
MEA_0242,2024-03-01 6:00,1447,242,Pt/Graphite,NiFeO2,80.3,42.4,69.8,15,74.3,31.2,39.6,23.7,21.4,35.6,8.76,68.4,AEM-Sustainion X37,1,0.5M H2SO4,2.42,1.3,35.89,47.2,41.2,-0.000284,367.744001,0.0132,0.076,4,0.972,warning,1
MEA_0243,2024-03-01 12:00,1453,243,Pt-Ru/g-C3N4,,0.5,10,67.4,3.8,73.8,34,29.6,30,41.1,78.9,7.76,64.8,AEM-Sustainion X37,1,0.5M H2SO4,1.76,1.6,43.58,72.5,32,0.003699,373.118648,0.018,0.058,4,0.73,normal,0
MEA_0244,2024-03-01 18:00,1459,244,Pt/C,RuO2,33.3,10.1,14.9,25,52.1,7.9,14.3,64.3,70.4,23.4,2.85,58.9,PEM,5,0.5M H2SO4,2.33,1.1,46.77,74.8,86.7,0.001101,374.725007,0.0112,0.018,4,0.901,critical,1
MEA_0245,2024-03-02 0:00,1465,245,Pt/Graphite,NiFeO2,39.8,2.2,64.2,39.7,6.8,44.3,15.1,60.1,21.7,63.9,0.85,60.4,Nafion 211,10,1M KOH,1.54,2.5,17.04,42.9,85.5,0.000346,375.231897,0.0169,0.006,4,0.967,normal,0
MEA_0246,2024-03-02 6:00,1471,246,40wt%_Pt/C,,53.7,44.2,36.7,35.4,37.1,26.1,43.3,69.6,36.7,23.6,1.47,34.1,PEM,20,0.5M H2SO4,1.57,2.1,7.66,53.4,39.8,0.001117,376.875004,-0.0029,0.008,4,0.9,normal,0
MEA_0247,2024-03-02 12:00,1477,247,Pt/C,,92,39.8,38.6,2.5,92.1,34.3,59.6,36.3,39.1,71.4,7.42,85,PEM,20,1M KOH,1.63,1.8,12.61,83.8,54.5,0.002872,381.116948,0.0004,0.044,4,0.777,normal,0
MEA_0248,2024-03-02 18:00,1483,248,Pt/C,NiFeO2,34.6,28.5,10.7,3.6,58.4,83.5,8.1,82.4,97.6,87.4,2.4,63.3,Nafion 211,10,Buffer+1M KCl,1.82,1.5,39.03,42.7,79.9,0.002281,384.499671,0.0126,0.009,4,0.814,normal,0
MEA_0249,2024-03-03 0:00,1489,249,Pt/C,RuO2,34.7,50.7,6.4,20.1,53.8,93.5,94,20.4,95.5,12.7,4.03,30.5,AEM-Sustainion X37,20,0.5M H2SO4,1.83,1.2,48.6,87,69.7,0.003462,389.654589,0.0027,0.013,4,0.743,normal,0
MEA_0250,2024-03-03 6:00,1495,250,Pt-Ni/TiO2/CeO2,NiFeO2,73.8,48.3,58.2,14.8,26.9,18.6,75.5,46.9,80,86.7,5.27,81.3,Nafion 212,5,Buffer+1M KCl,1.74,2.6,23.85,76.2,53.7,0.001034,391.200419,0.0151,0.024,4,0.906,normal,0
MEA_0251,2024-03-03 12:00,1501,251,40wt%_Pt/C,,45.2,35.1,39.7,11.6,36.8,37.3,58.7,80.1,24.2,59.4,7.39,94.6,Nafion 211,5,0.5M Na2CO3,1.46,1.6,15.96,63.9,74.7,0.001712,393.770131,0.0163,0.037,4,0.854,normal,0
MEA_0252,2024-03-03 18:00,1507,252,Pt/C,IrO2,22.5,52.1,34.9,14.1,89.5,92.9,82.8,18,6.8,12.7,1.58,95.8,Nafion 212,1,0.5M H2SO4,2.39,1.8,22.03,59.1,83.8,-0.000388,393.185415,-0.001,0.008,4,0.963,warning,1
MEA_0253,2024-03-04 0:00,1513,253,Pt-Ru/g-C3N4,IrO2,45.2,12.4,58.4,40.2,66.6,6.2,8,11,31.7,42.8,4.36,49.5,AEM-Sustainion X37,1,0.5M Na2CO3,1.88,1.8,15.94,41.1,85.6,-0.000562,392.335109,0.0147,0.076,4,0.947,normal,0
MEA_0254,2024-03-04 6:00,1519,254,Pd-Ni/CeO2,NiFeO2,14.1,6.7,61.2,46.5,78.7,9.2,47.7,88.4,26.7,16.1,5.11,30.8,PEM,1,0.5M Na2CO3,1.61,1.6,13.57,85.4,52.7,0.001774,395.029815,-0.0054,0.03,4,0.849,warning,1
MEA_0255,2024-03-04 12:00,1525,255,Pt/C,,17.6,16.2,12.7,20.3,45.4,16.3,63,34.3,50.6,70,5.64,61.5,Nafion 212,1,0.5M Na2CO3,1.98,1.1,30.09,47.8,40.4,0.00081,396.265065,0,0.034,4,0.925,normal,0
MEA_0256,2024-03-04 18:00,1531,256,Pt-Ni/TiO2/CeO2,IrO2,49.8,3.4,48.8,45.3,63,59.5,82.9,68.4,77.8,75.9,8.27,29,AEM-Sustainion X37,1,Buffer+1M KCl,2.15,0.8,1.77,57,84.8,0.002677,400.363552,0.0055,0.029,4,0.789,normal,0
MEA_0257,2024-03-05 0:00,1537,257,Pt/Graphite,,41.9,31.9,10.8,16.1,24.8,15,78.3,2.5,85.8,10.6,2.13,94.7,AEM-Sustainion X37,20,1M KOH,2.44,0.7,13.72,71.3,35.6,-0.000742,399.223098,-0.0032,0.012,4,0.931,warning,1
MEA_0258,2024-03-05 6:00,1543,258,40wt%_Pt/C,NiFeO2,91.5,56.2,60.1,23.8,70.5,96.8,27.7,69,84.5,50.6,8.17,34.7,PEM,20,Buffer+1M KCl,1.75,2.4,33.41,53.5,73.3,-0.000269,398.808031,0.0074,0.029,4,0.974,warning,1
MEA_0259,2024-03-05 12:00,1549,259,Carbon Paper,IrO2,36.2,2.4,52.6,11.3,42.8,44.7,94.1,31.6,36,81.5,7.08,40.2,PEM,1,Buffer+1M KCl,1.17,1.1,2.57,67.3,38.4,0.004191,405.29989,0.0074,0.034,4,0.705,normal,0
MEA_0260,2024-03-05 18:00,1555,260,Pt-Ni/TiO2/CeO2,,58.1,7.3,76.5,32,44.3,50.2,12.4,5.6,68.7,93.6,5.78,52.5,AEM-Sustainion X37,5,0.5M Na2CO3,1.66,0.6,5.08,84.5,53.4,0.002398,409.02878,-0.0038,0.042,4,0.807,normal,0
MEA_0261,2024-03-06 0:00,1561,261,Pt/C,IrO2,63.2,27.1,5.5,48.9,64.9,24.7,87.5,61,31.3,51.4,7.15,50.7,AEM-Sustainion X37,20,0.5M H2SO4,1.72,2.5,15.38,65.9,54.7,0.003272,414.136372,0.0139,0.035,4,0.753,normal,0
MEA_0262,2024-03-06 6:00,1567,262,40wt%_Pt/C,NiFeO2,1.3,56,4.6,30.2,93.6,47.1,97.1,24.1,6.1,95,4.41,83.6,Nafion 212,5,1M KOH,2.35,0.9,44.01,92.2,39.5,0.004052,420.485856,0.0089,0.025,4,0.712,normal,0
MEA_0263,2024-03-06 12:00,1573,263,Pd-Ni/CeO2,,66.4,19,22.6,17.9,6.4,66.2,17.7,38.7,70.2,53.6,1.81,56.5,AEM-Sustainion X37,5,0.5M Na2CO3,1.59,2.1,38.48,86.6,85.4,0.001783,423.290515,-0.0005,0.009,4,0.849,normal,0
MEA_0264,2024-03-06 18:00,1579,264,Pt/C,IrO2,17.8,30.4,20.9,32.4,82.5,75.1,72.2,8.1,1,39.4,6.82,33.7,AEM-Sustainion X37,10,1M KOH,2.43,1.3,2.09,58.3,30.2,0.003566,428.921229,-0.003,0.044,4,0.737,normal,0
MEA_0265,2024-03-07 0:00,1585,265,Pt-Ni/TiO2/CeO2,NiFeO2,96.1,2.5,19.8,6.1,29.2,75.4,4,14.7,40.9,84.8,5.48,41.4,Nafion 212,10,Buffer+1M KCl,1.73,0.8,25.58,62,83.6,0.002148,432.325809,0.0164,0.041,4,0.823,normal,0
MEA_0266,2024-03-07 6:00,1591,266,Pt-Co/TiO2/g-C3N4,IrO2,14.9,8.9,72.5,44.4,44.4,57.8,40.5,29.8,32.9,49.3,6.57,60.7,Nafion 211,1,1M KOH,2.46,1.5,14.46,63.3,83,0.000336,432.860385,0.0151,0.041,4,0.967,normal,0
MEA_0267,2024-03-07 12:00,1597,267,Pt-Ru/g-C3N4,IrO2,41.5,59.2,20,25.2,2.2,90.4,51.6,9,69.3,47.2,3.71,31.8,Nafion 212,5,1M KOH,1.01,0.5,32.78,74.4,49,0.001026,434.498907,-0.0031,0.017,4,0.907,critical,1
MEA_0268,2024-03-07 18:00,1603,268,Carbon Paper,RuO2,8.5,57.9,21.8,22.5,30.1,81.7,58.1,91.1,76.6,49,9.12,68.9,Nafion 212,20,0.5M H2SO4,2.35,2.6,36.36,55.8,72.3,0.001942,437.611933,-0.0089,0.03,4,0.837,warning,1
MEA_0269,2024-03-08 0:00,1609,269,Pt/Graphite,RuO2,99.7,0.3,60.8,29.3,50.3,75.7,93.6,0.6,30.4,84.7,6.08,65.3,PEM,10,0.5M Na2CO3,2.4,1.8,43.28,93.3,45.2,0.000901,439.061642,0.0141,0.03,4,0.917,normal,0
MEA_0270,2024-03-08 6:00,1615,270,Pt-Ni/TiO2/CeO2,NiFeO2,50.2,57.1,36,31.2,5.6,5.6,67.2,48.4,81.2,83.2,1.31,77.2,Nafion 212,10,1M KOH,2.44,0.8,24.3,73.5,75.5,0.001013,440.697637,0.0085,0.006,4,0.908,normal,0
MEA_0271,2024-03-08 12:00,1621,271,40wt%_Pt/C,RuO2,59.5,38.3,62.1,3.6,49.1,0.7,48.1,12.3,29.4,40.4,4.77,95,AEM-Sustainion X37,5,1M KOH,1.02,1.1,49.73,62,63.7,0.001024,442.357541,-0.007,0.053,4,0.907,normal,0
MEA_0272,2024-03-08 18:00,1627,272,Carbon Paper,NiFeO2,6.7,52.1,5.2,34.1,92.7,21.2,81,30.8,44.6,33.3,7.69,93,AEM-Sustainion X37,10,Buffer+1M KCl,1.26,1.6,49.02,75.5,48,-0.000263,441.92964,0.0076,0.043,4,0.974,warning,1
MEA_0273,2024-03-09 0:00,1633,273,Carbon Paper,RuO2,75,27.3,39,12.1,10.5,66.4,95.1,92.6,72.7,49.2,8.04,95.7,AEM-Sustainion X37,10,Buffer+1M KCl,1.98,1,44.23,61.7,54,-0.000492,441.126204,0.0036,0.025,4,0.953,normal,0
MEA_0274,2024-03-09 6:00,1639,274,Carbon Paper,IrO2,21,30.9,2.7,35.7,76.4,41.1,2.2,16.2,69.3,57.3,5.2,39.6,Nafion 211,20,1M KOH,1.04,1.2,29.17,85,71.4,-0.000721,439.944485,0.0132,0.04,4,0.933,normal,0
MEA_0275,2024-03-09 12:00,1645,275,Pt/C,NiFeO2,89.8,29.3,5,41.1,41,40.2,98.3,96.6,98.7,23.8,9,30.5,AEM-Sustainion X37,5,0.5M Na2CO3,1.1,1.8,20.5,71.2,84.4,-0.000334,439.395055,-0.0037,0.027,4,0.968,normal,0
MEA_0276,2024-03-09 18:00,1651,276,Pt-Ru/g-C3N4,NiFeO2,20.5,40,72.5,40.2,65.5,88.5,8.6,20.6,22.5,79.4,3.04,44.2,Nafion 211,10,1M KOH,1.33,2.6,18.85,42.3,37.8,0.001062,441.148417,0.0036,0.022,4,0.904,normal,0
MEA_0277,2024-03-10 0:00,1657,277,Pt/C,IrO2,19.1,8.4,11.1,27.6,26,89.6,81.4,74.2,66.2,48.6,4.4,91.6,AEM-Sustainion X37,5,1M KOH,1.77,1.5,1.59,49.7,64.3,0.002563,445.395308,-0.0053,0.014,4,0.796,normal,0
MEA_0278,2024-03-10 6:00,1663,278,40wt%_Pt/C,NiFeO2,3.7,1.8,42.6,26,15.9,90.9,28,54.7,61,33.4,9.04,97.8,Nafion 212,10,0.5M H2SO4,1.82,2.3,13.21,87.6,45.2,0.000129,445.609835,0.0187,0.039,4,0.987,warning,1
MEA_0279,2024-03-10 12:00,1669,279,Pt/C,NiFeO2,47.2,18.5,32.9,7.1,16,31.4,13.2,88.4,91.5,10.7,9.01,88.7,PEM,20,0.5M Na2CO3,1.05,2.7,36.22,71,78.1,0.004328,452.833267,0.0134,0.04,4,0.698,normal,0
MEA_0280,2024-03-10 18:00,1675,280,Pt-Co/TiO2/g-C3N4,RuO2,56.5,42.3,27.8,38.8,7,69.1,44,55.4,15.6,23.9,7.01,28.8,AEM-Sustainion X37,5,0.5M H2SO4,1.26,1,30.58,92.3,34.2,0.00385,459.282017,0.0121,0.038,4,0.722,normal,0
MEA_0281,2024-03-11 0:00,1681,281,Pt-Ru/g-C3N4,NiFeO2,6.6,12.1,72,13.6,18.6,27.2,64.4,53.5,75.2,94.9,8.66,95.8,Nafion 211,10,0.5M Na2CO3,1.75,2.5,45.9,44,71.3,0.002123,462.85078,0.0107,0.039,4,0.825,normal,0
MEA_0282,2024-03-11 6:00,1687,282,Pt-Ru/g-C3N4,,77.6,40.4,1.7,24.8,66.4,19.1,38.1,19.5,56.8,30.5,1.34,53.9,Nafion 211,20,0.5M Na2CO3,1.89,2.4,3.45,56.2,40.5,0.003345,468.493795,0.0027,0.01,4,0.749,normal,0
MEA_0283,2024-03-11 12:00,1693,283,40wt%_Pt/C,IrO2,45.3,58.2,53.1,14.2,88.2,18.5,5.5,16.6,27.5,16.9,8.72,20.7,PEM,10,0.5M Na2CO3,1.22,1.4,8.61,50.6,65.8,0.001198,470.522009,0.0177,0.128,4,0.893,normal,0
MEA_0284,2024-03-11 18:00,1699,284,Pt/Graphite,RuO2,52.4,5.6,77.1,6.7,81.4,34.2,59.9,91.6,47.4,46.1,3.55,55.4,AEM-Sustainion X37,5,0.5M H2SO4,1.6,3,39.67,70.5,80.1,-0.000779,469.198488,-0.0078,0.015,4,0.928,normal,0
MEA_0285,2024-03-12 0:00,1705,285,Pt-Co/TiO2/g-C3N4,RuO2,44.1,40.4,44.8,31.5,68.5,43,90.2,32.8,33.4,30.7,2.19,23.7,Nafion 212,10,0.5M H2SO4,2.36,1.2,18.57,61.1,75.3,0.004426,476.744818,0.0141,0.011,4,0.693,normal,0
MEA_0286,2024-03-12 6:00,1711,286,Pt-Ni/TiO2/CeO2,,40.1,26.6,74.9,2.7,11,83.1,38.3,37.2,57.9,3.5,2.77,63.5,AEM-Sustainion X37,5,0.5M H2SO4,2.5,1.1,6.8,48.7,75.2,-0.000233,476.346155,-0.0035,0.013,4,0.977,critical,1
MEA_0287,2024-03-12 12:00,1717,287,Pt/C,IrO2,56,52.1,4.2,37.4,28.9,12,21.6,76,88.9,32.3,4.47,47.1,AEM-Sustainion X37,5,Buffer+1M KCl,2.48,2.4,49.83,75.4,61.1,0.004688,484.395451,-0.0003,0.023,4,0.681,critical,1
MEA_0288,2024-03-12 18:00,1723,288,Pd-Ni/CeO2,IrO2,15.5,10.6,33.5,15.9,31,73.5,44.3,33.9,56.9,54.4,2.89,57.9,PEM,10,0.5M H2SO4,2.32,1.6,39.58,69.5,83.4,0.002431,488.584064,0.0056,0.014,4,0.804,normal,0
MEA_0289,2024-03-13 0:00,1729,289,Pt/C,RuO2,18.2,41.6,20.8,0,25,53.1,4.8,95.2,63.2,55.2,3.55,69.1,AEM-Sustainion X37,20,Buffer+1M KCl,1.59,1.3,21.03,55.1,65.3,0.000833,490.024321,0.0135,0.016,3,0.923,warning,1
MEA_0290,2024-03-13 6:00,1735,290,Carbon Paper,NiFeO2,86.2,50.3,58.5,25.6,51.5,28.8,82,73.8,51.9,35.7,1.78,89.5,Nafion 212,1,Buffer+1M KCl,2.03,0.9,41.34,66.4,85.1,0.001973,493.447476,0.0152,0.008,4,0.835,critical,1
MEA_0291,2024-03-13 12:00,1741,291,Pt/C,RuO2,94.6,56.7,78.5,2.3,53.6,49.3,82.6,59.7,5.1,44.7,3.31,73,Nafion 211,20,Buffer+1M KCl,1.62,2.4,34.35,81,62.8,0.00201,496.946886,0.0075,0.017,4,0.833,normal,0
MEA_0292,2024-03-13 18:00,1747,292,Pt-Ni/TiO2/CeO2,IrO2,37.3,41,20.5,13.8,35.7,30,58.8,88.1,23.3,96.6,5.94,54.7,PEM,20,1M KOH,1.97,2.5,39.71,51.3,60.4,-0.00086,495.444466,0.0021,0.03,4,0.921,normal,0
MEA_0293,2024-03-14 0:00,1753,293,Pt/C,,27.1,29.8,52.3,35.3,35.4,59.6,35.3,5,49.2,37.7,4.7,85.6,Nafion 212,10,1M KOH,1.46,1.9,40.95,56.1,43.3,0.001133,497.430615,0.0184,0.032,4,0.898,normal,0
MEA_0294,2024-03-14 6:00,1759,294,Pt-Co/TiO2/g-C3N4,RuO2,64.4,37.1,15.8,3.1,82.9,43.4,80,25.7,31,25.8,3.79,92.4,Nafion 211,20,1M KOH,1.91,2.9,5.15,59,62.7,0.003439,503.479816,-0.0026,0.021,4,0.744,normal,0
MEA_0295,2024-03-14 12:00,1765,295,Pt-Co/TiO2/g-C3N4,IrO2,40.9,52.1,45.2,42,78.9,16.4,55.5,46.5,18.2,24.3,7.59,29.6,PEM,20,Buffer+1M KCl,1.79,1.3,31.53,81.1,38.4,0.00206,507.115716,0.0141,0.056,4,0.829,warning,1
MEA_0296,2024-03-14 18:00,1771,296,Pt-Ru/g-C3N4,RuO2,2.5,34.2,37.1,0.2,30.8,11.7,82.6,22.7,50.4,45.8,8.99,62.6,PEM,1,Buffer+1M KCl,1.04,1,1.33,86.6,82.2,0.000465,507.939231,0.0084,0.054,4,0.956,normal,0
MEA_0297,2024-03-15 0:00,1777,297,40wt%_Pt/C,NiFeO2,15.6,1.8,77.8,12.3,91.4,54.7,63.1,74.4,32.3,76,7.69,42.8,Nafion 211,20,0.5M Na2CO3,2.19,2.2,3.13,60.7,70.6,0.001011,509.735778,0.0013,0.034,4,0.908,normal,0
MEA_0298,2024-03-15 6:00,1783,298,Pt/Graphite,RuO2,71.6,55.9,48.7,37,95.3,90.2,78.4,91.9,25.8,20.6,3.65,23.8,Nafion 211,1,Buffer+1M KCl,1.02,2.4,45.3,56.3,89.6,0.004178,517.185152,-0.01,0.013,4,0.705,normal,0
MEA_0299,2024-03-15 12:00,1789,299,Pd-Ni/CeO2,RuO2,65.9,41.4,28,15.8,32.7,34.4,59.9,42.4,46.4,70.9,7.57,73.5,Nafion 212,10,1M KOH,1.44,1.1,26.85,88.9,35.5,0.002153,521.036869,0.0034,0.041,4,0.823,normal,0
MEA_0300,2024-03-15 18:00,1795,300,Carbon Paper,IrO2,2.7,40.6,9.1,5.1,35.4,73.3,41.4,34.2,13.3,2.1,1.94,89,AEM-Sustainion X37,1,Buffer+1M KCl,1.01,0.7,37.06,95,44.4,0.00217,524.932019,-0.0017,0.012,4,0.822,normal,0
MEA_0301,2024-03-16 0:00,1801,301,Pt/C,IrO2,22.2,12.9,12.1,18,50.6,65.9,95.8,96.2,92.8,41.9,1.74,33,AEM-Sustainion X37,5,Buffer+1M KCl,1.56,2.5,42.09,76.9,82.6,0.004769,533.520988,-0.0069,0.005,4,0.677,normal,0
MEA_0302,2024-03-16 6:00,1807,302,Pt/C,IrO2,23.1,39.5,18,13.5,94.1,93.2,54.1,44.5,86.8,77.6,3.78,85,AEM-Sustainion X37,5,0.5M Na2CO3,1.09,2.9,47.53,94.4,53.7,0.000925,535.192463,-0.0077,0.014,4,0.915,normal,0
MEA_0303,2024-03-16 12:00,1813,303,Pt-Ni/TiO2/CeO2,RuO2,67.2,23.6,20.1,42.1,87.6,82.1,60.5,48.9,70.8,33.9,8.17,88.3,AEM-Sustainion X37,1,Buffer+1M KCl,2.37,2.1,43.6,76.3,58,0.001877,538.595464,0.0004,0.031,4,0.842,warning,1
MEA_0304,2024-03-16 18:00,1819,304,40wt%_Pt/C,NiFeO2,2,39.1,68,15.7,10.3,56.7,22,35.2,10.6,56.4,2.84,93.1,AEM-Sustainion X37,5,0.5M H2SO4,1.62,1.2,24.68,80.3,81.6,0.00387,545.634994,0.0084,0.023,4,0.721,warning,1
MEA_0305,2024-03-17 0:00,1825,305,Pt-Co/TiO2/g-C3N4,,10.4,6.4,44.9,39.4,39.3,65.7,62.6,91,77.6,20.5,1.1,41.2,Nafion 212,10,0.5M Na2CO3,1.69,3,17.46,61.4,61.3,0.003553,552.119219,0.0151,0.004,4,0.738,warning,1
MEA_0306,2024-03-17 6:00,1831,306,Pd-Ni/CeO2,,80,39.5,41.9,44.6,55.3,89.8,57.2,56.9,80.8,74.2,1.75,92.3,PEM,5,Buffer+1M KCl,1.52,2.7,8.57,63.8,41.6,0.000595,553.208664,-0.0045,0.006,4,0.944,warning,1
MEA_0307,2024-03-17 12:00,1837,307,Pt-Ru/g-C3N4,IrO2,17.9,60,9.2,21.7,50.3,40,18.5,76.2,76.8,5.2,8.66,45.7,Nafion 212,1,Buffer+1M KCl,1.94,1.8,20.62,47.9,83.5,-9.30E-05,553.037823,0.0027,0.041,4,0.991,warning,1
MEA_0308,2024-03-17 18:00,1843,308,Pt-Co/TiO2/g-C3N4,IrO2,65.3,2.9,68.8,45.5,19.4,32.7,6,81.2,11.4,85.3,6.52,64.2,Nafion 212,10,0.5M Na2CO3,2.18,2.6,18.96,85.3,31.9,0.003204,558.942795,0.0018,0.05,4,0.757,normal,0
MEA_0309,2024-03-18 0:00,1849,309,Carbon Paper,RuO2,23.8,58.6,57.8,18.9,85.9,1.1,60.4,34.2,64.4,19.8,2.91,24,Nafion 212,5,Buffer+1M KCl,1.97,2.5,28.42,91.2,83.7,0.000546,559.952349,0.0054,0.018,4,0.948,normal,0
MEA_0310,2024-03-18 6:00,1855,310,40wt%_Pt/C,,9.9,24.4,5.4,48.2,67.7,82.7,76.4,43.4,83.4,87.4,5.78,23.5,PEM,10,1M KOH,2.12,2.8,33.61,74.3,33,0.004536,568.366629,0.0143,0.02,4,0.688,normal,0
MEA_0311,2024-03-18 12:00,1861,311,Carbon Paper,IrO2,24.3,52.2,56.6,4.5,83.8,80.1,52.3,84.8,57.7,35.3,5.51,77.6,Nafion 212,1,0.5M H2SO4,2.36,2.6,48.94,58.9,70,-0.000225,567.947904,0.0066,0.02,4,0.978,normal,0
MEA_0312,2024-03-18 18:00,1867,312,Pt/Graphite,NiFeO2,72.2,46.9,43.5,34.4,85.9,10.4,22.7,36.3,64.6,72.3,6.73,55.6,Nafion 212,5,0.5M H2SO4,2.3,2.1,36.69,48.5,34.3,0.00091,569.646874,0.0154,0.05,4,0.917,normal,0
MEA_0313,2024-03-19 0:00,1873,313,Pt-Ru/g-C3N4,NiFeO2,85.6,34,6.5,24.7,74.8,57.7,66.7,79.4,45.8,31.9,2.72,40.5,PEM,10,1M KOH,2.01,2,32.54,54.6,72.4,-0.000671,568.390091,0.0056,0.011,4,0.937,warning,1
MEA_0314,2024-03-19 6:00,1879,314,Pt/Graphite,IrO2,83,44.3,36.7,19.4,43.9,46.4,8,94.1,52.9,90.6,8.71,35.2,Nafion 212,10,Buffer+1M KCl,1.32,1.7,17.42,54,32,0.00322,574.440471,0.0081,0.043,4,0.756,normal,0
MEA_0315,2024-03-19 12:00,1885,315,Pt-Ni/TiO2/CeO2,IrO2,39.7,52.7,38.8,31.6,61.1,11.9,44.2,62.3,3.4,12.7,3.44,73.6,AEM-Sustainion X37,5,Buffer+1M KCl,1.96,2.1,2.69,73.7,80.5,0.004348,582.636451,0.0031,0.028,4,0.697,normal,0
MEA_0316,2024-03-19 18:00,1891,316,Carbon Paper,,66.8,24.2,13.3,35.2,16,98.1,16.3,74.2,63.9,17.9,7.09,20,Nafion 211,10,0.5M H2SO4,1.76,2.5,15.12,92,58,0.002815,587.959616,0.0147,0.028,4,0.78,normal,0
MEA_0317,2024-03-20 0:00,1897,317,Pt-Ni/TiO2/CeO2,,20.5,19.6,75.7,0.2,67.4,21.5,18.4,80.5,8.1,49.3,0.65,84.5,Nafion 212,10,Buffer+1M KCl,2.08,2.9,38.65,42.7,35.6,0.004627,596.737035,0.0177,0.005,4,0.684,normal,0
MEA_0318,2024-03-20 6:00,1903,318,Pt/C,RuO2,29.3,40.1,68,8.3,17.9,6.7,20.2,84.5,43.5,8.2,4.04,26.3,Nafion 211,1,0.5M H2SO4,2.25,1.7,11.06,40.1,72.4,-0.000229,596.301248,0.0092,0.026,4,0.978,critical,1
MEA_0319,2024-03-20 12:00,1909,319,Pt/Graphite,,89.6,48.5,53.5,35.7,69.4,59.5,38.7,39.5,29.3,19.6,3.84,35.3,Nafion 212,1,0.5M H2SO4,2.11,1.9,35.9,73,59.4,-0.000474,595.396382,0.0146,0.023,4,0.955,normal,0
MEA_0320,2024-03-20 18:00,1915,320,40wt%_Pt/C,NiFeO2,1.3,45.7,37,33.3,23,73.9,5.1,5.1,54.5,94.4,5.66,50.9,Nafion 212,1,1M KOH,2.27,1.6,29.41,55.6,41.5,0.00403,603.113832,-0.0082,0.041,4,0.713,normal,0
MEA_0321,2024-03-21 0:00,1921,321,Carbon Paper,NiFeO2,8.6,47.9,32.9,48.3,11.8,3.2,39.8,40.2,13.3,97.6,1.19,58.8,AEM-Sustainion X37,1,0.5M H2SO4,1.1,2.2,9.42,88.4,30.9,0.004133,611.053325,0.0172,0.012,4,0.708,normal,0
MEA_0322,2024-03-21 6:00,1927,322,Pd-Ni/CeO2,IrO2,20.8,26.1,52.1,38.1,16.5,65.9,51.2,67.4,69.2,37.6,8.01,48.4,PEM,1,Buffer+1M KCl,1.05,2.1,13.82,58,55.1,0.003986,618.734347,-0.0043,0.032,4,0.715,warning,1
MEA_0323,2024-03-21 12:00,1933,323,Pt-Ru/g-C3N4,,2.7,49.1,43.6,47.5,0.2,53.2,48.3,45,79.5,92.3,2.57,45.7,Nafion 211,1,Buffer+1M KCl,1.39,0.5,25.32,55.9,35.1,0.003794,626.068149,-0.0023,0.011,4,0.725,normal,0
MEA_0324,2024-03-21 18:00,1939,324,Pt-Co/TiO2/g-C3N4,RuO2,18.1,7.2,5,35.1,71.9,10.3,38.3,74.9,16.3,54.5,6.93,97.1,PEM,5,0.5M Na2CO3,2.35,1.9,21.5,54.8,35.7,0.001173,628.342596,-0.0084,0.05,4,0.895,normal,0
MEA_0325,2024-03-22 0:00,1945,325,40wt%_Pt/C,NiFeO2,58.3,32.7,41,14.9,73.2,17.3,83.9,35.7,10.4,27,8.13,71.3,AEM-Sustainion X37,1,Buffer+1M KCl,2.24,0.7,39.15,48,46,0.000305,628.935821,0.019,0.055,4,0.97,warning,1
MEA_0326,2024-03-22 6:00,1951,326,40wt%_Pt/C,NiFeO2,42.1,0.3,64.5,5.3,51.5,56.8,14.5,63.5,14.6,70.2,5.84,21.9,AEM-Sustainion X37,10,0.5M Na2CO3,2.02,0.6,36.99,72,67.8,0.004573,637.857744,0.0156,0.039,4,0.686,normal,0
MEA_0327,2024-03-22 12:00,1957,327,Pt-Ni/TiO2/CeO2,RuO2,89.3,19.5,36.7,39.1,16.1,29.6,50.6,18.6,87.7,65.9,7.54,54.4,Nafion 211,5,0.5M H2SO4,2.05,2.5,29.15,49.3,61.8,0.000842,639.505538,0.0174,0.04,4,0.922,normal,0
MEA_0328,2024-03-22 18:00,1963,328,Pt/Graphite,RuO2,81.7,22,4.2,32.2,8.4,93.8,6.2,74.9,52.8,98.9,6.79,90,PEM,10,Buffer+1M KCl,2.09,1.1,41.29,63.4,34.1,0.00139,642.234108,0.0154,0.03,4,0.878,normal,0
MEA_0329,2024-03-23 0:00,1969,329,Carbon Paper,NiFeO2,34.2,23.8,62.9,2.4,1.9,81.9,7.1,54.6,46.7,26.5,3.88,44.1,AEM-Sustainion X37,1,1M KOH,2.41,1.4,28.57,65.4,88.1,0.003197,648.529001,0.0044,0.02,4,0.758,warning,1
MEA_0330,2024-03-23 6:00,1975,330,Carbon Paper,NiFeO2,25.9,41.7,16.1,18,16.6,98.4,57.4,20.4,10.7,67.2,8.18,27.6,Nafion 212,1,1M KOH,2.25,0.7,48.26,41.1,83.2,0.00076,650.030001,0.0177,0.044,4,0.929,normal,0
MEA_0331,2024-03-23 12:00,1981,331,Pt/C,RuO2,38,23.3,20.7,47.8,89.1,26,56.6,29.2,65,5.2,3.3,80.7,Nafion 212,10,1M KOH,1.94,0.9,11.64,40.9,45.6,0.003915,657.785616,0.0191,0.019,4,0.719,normal,0
MEA_0332,2024-03-23 18:00,1987,332,Pt/C,NiFeO2,59,26.9,13.2,25,24.2,97,87.8,74.9,86.8,11.4,5.93,68.5,Nafion 212,10,0.5M H2SO4,2,2.4,35.99,68.6,37.3,-0.00058,656.633156,0.0051,0.017,4,0.945,normal,0
MEA_0333,2024-03-24 0:00,1993,333,Pt-Ru/g-C3N4,IrO2,26.8,14.3,26.4,21.6,35.4,43.1,55.8,48.3,82.8,0.4,7.58,65.6,PEM,10,0.5M H2SO4,1.32,1.7,19.13,78.3,86.5,0.003747,664.100927,-0.0047,0.033,4,0.727,normal,0
MEA_0334,2024-03-24 6:00,1999,334,Pt-Ni/TiO2/CeO2,IrO2,62.4,22.4,60.5,22.9,10.5,34.8,96,21.6,62.6,99.9,4.1,24.3,Nafion 212,20,0.5M Na2CO3,1.99,2.7,14.67,91.8,57.7,0.002611,669.320316,0.0098,0.019,4,0.793,normal,0
MEA_0335,2024-03-24 12:00,2005,335,40wt%_Pt/C,RuO2,40.9,13.6,41.6,10.4,22.2,5,4.9,96.7,7.5,80.2,3.38,31.2,Nafion 212,20,1M KOH,1.64,1.5,9.84,49.9,48.7,0.002438,674.208506,0.0193,0.03,4,0.804,normal,0
MEA_0336,2024-03-24 18:00,2011,336,Carbon Paper,,55.2,4.4,16.4,18.4,51.9,5.3,9.8,71.5,11.2,78.7,4.86,69.8,AEM-Sustainion X37,20,0.5M Na2CO3,1.23,1.2,28.07,45.7,59.4,0.00175,677.727756,0.0162,0.05,4,0.851,normal,0
MEA_0337,2024-03-25 0:00,2017,337,Pd-Ni/CeO2,RuO2,43.6,36.2,70.2,18.5,60.8,69.2,4.4,95.7,4.9,51,8.27,36.6,AEM-Sustainion X37,20,0.5M Na2CO3,2.21,1.4,11.56,42.9,76.4,0.000662,679.06301,0.0159,0.047,4,0.938,normal,0
MEA_0338,2024-03-25 6:00,2023,338,Pt-Ni/TiO2/CeO2,RuO2,29.4,40.1,70.4,2.6,24.5,45.8,18.5,42.7,25.7,30,9.33,60.3,Nafion 212,5,Buffer+1M KCl,1.77,2.3,10.82,64,40.1,0.001784,682.672042,0.018,0.07,4,0.849,normal,0
MEA_0339,2024-03-25 12:00,2029,339,Pt-Ru/g-C3N4,,94.8,37.2,69.6,38.4,5.8,22.7,54.1,47.5,13.6,15.1,5.68,63.6,Nafion 212,1,Buffer+1M KCl,2.47,1.9,49.54,74.3,76,0.0017,686.121342,0.0168,0.041,4,0.855,normal,0
MEA_0340,2024-03-25 18:00,2035,340,Pt-Ru/g-C3N4,,76.4,27.8,19.1,20.8,39.1,61.4,64.6,89.8,26,28.5,6.78,42.7,AEM-Sustainion X37,10,1M KOH,1.42,2.8,40.29,86.2,75,0.002503,691.214947,0.0133,0.028,4,0.8,normal,0
MEA_0341,2024-03-26 0:00,2041,341,Pt-Ni/TiO2/CeO2,,14,22.8,36.1,41.1,23.4,25.3,4.6,52.5,38.5,37.6,9.08,95.9,Nafion 211,1,0.5M H2SO4,1.72,2,37.67,77.5,62.4,0.000689,692.621196,0.0115,0.075,4,0.936,normal,0
MEA_0342,2024-03-26 6:00,2047,342,Pt-Ru/g-C3N4,IrO2,86.8,51.8,78.8,42.5,22,57.8,94.6,70.7,94.3,75.6,1.44,87.4,PEM,10,Buffer+1M KCl,1.67,1.7,39.91,51.5,82,-0.000534,691.528098,-0.0021,0.005,4,0.949,normal,0
MEA_0343,2024-03-26 12:00,2053,343,Pt-Ni/TiO2/CeO2,NiFeO2,48.7,31.1,61.8,10.6,96,35.9,84.2,25.2,61,54,2.7,77.8,PEM,1,0.5M H2SO4,1.18,2.5,48.48,65.4,37.9,-0.000129,691.263261,0.0086,0.013,4,0.987,critical,1
MEA_0344,2024-03-26 18:00,2059,344,Pt-Co/TiO2/g-C3N4,IrO2,89.5,28.8,2.2,32.9,61.6,82.4,29.7,44.7,83.5,7.7,7.23,26.2,AEM-Sustainion X37,5,0.5M Na2CO3,1.64,2.9,29.09,90.1,65.7,0.003195,697.841766,0.0056,0.03,4,0.758,normal,0
MEA_0345,2024-03-27 0:00,2065,345,Pt-Ni/TiO2/CeO2,NiFeO2,80,1.5,5.2,23.6,55.7,82.1,7.7,12.3,71,1.8,8.33,28.5,PEM,20,0.5M Na2CO3,1.43,1.4,11.79,58,57,-0.000865,696.055541,0.0159,0.048,4,0.92,normal,0
MEA_0346,2024-03-27 6:00,2071,346,Pt/Graphite,IrO2,42.5,20.5,37.1,44,41.6,47.7,17,20.6,11.3,10.2,8.64,59.4,AEM-Sustainion X37,1,0.5M Na2CO3,1.24,1.1,43.25,67.4,55.3,0.004139,704.62741,0.0048,0.089,4,0.707,normal,0
MEA_0347,2024-03-27 12:00,2077,347,Pt-Ni/TiO2/CeO2,NiFeO2,2.2,22.8,72.7,10.8,42.9,35.1,12.7,0.1,73.6,41,4.44,32.9,AEM-Sustainion X37,10,0.5M Na2CO3,1.42,2,37.39,92.7,45.2,0.003166,711.203192,-0.0062,0.037,4,0.76,normal,0
MEA_0348,2024-03-27 18:00,2083,348,Pt-Ru/g-C3N4,IrO2,26.9,23.9,43.1,33.9,54.1,36.3,12.3,3.9,27.5,93.3,1.35,98.3,AEM-Sustainion X37,1,1M KOH,1.35,1.7,21.3,80.4,52.3,0.003609,718.720739,-0.0099,0.017,4,0.735,warning,1
MEA_0349,2024-03-28 0:00,2089,349,Carbon Paper,,54.2,34.8,39.8,30.4,69.6,80.6,51.9,97.7,63.9,63.7,4.66,32.7,AEM-Sustainion X37,5,0.5M Na2CO3,2.1,3,24.2,81.1,36.5,0.004016,727.110163,0.0103,0.016,4,0.713,normal,0
MEA_0350,2024-03-28 6:00,2095,350,Pt/Graphite,RuO2,63.3,32,8.4,14.8,70.2,32.8,24.6,24.2,34.1,80.2,2.69,59,Nafion 211,5,Buffer+1M KCl,1.05,1.7,21.15,53.9,45.1,-0.000264,726.557083,0.0065,0.023,4,0.974,normal,0
MEA_0351,2024-03-28 12:00,2101,351,Pt-Ru/g-C3N4,IrO2,25.8,36.5,52.5,6.8,17.2,20.9,35.8,66.3,99.8,46.6,3.27,49.1,Nafion 212,1,0.5M Na2CO3,1.93,0.7,46.57,62.8,46.3,0.003935,734.824518,-0.0001,0.015,4,0.718,normal,0
MEA_0352,2024-03-28 18:00,2107,352,Pt/C,NiFeO2,13.9,45.9,65.8,32.6,50,8.5,99,83.9,26.4,36.2,7.84,71.2,Nafion 212,20,0.5M H2SO4,2.14,2.9,17.83,44.5,73.2,0.002028,739.097514,-0.0049,0.036,4,0.831,normal,0
MEA_0353,2024-03-29 0:00,2113,353,Pt/C,,83.5,48.8,30.4,36.9,41.2,46.7,68.4,55.1,27.9,10.8,1.22,30.3,Nafion 211,10,Buffer+1M KCl,1.72,2.6,48.21,73.4,32.9,0.004313,748.210883,0.004,0.006,4,0.699,normal,0
MEA_0354,2024-03-29 6:00,2119,354,Carbon Paper,IrO2,98.4,43.1,62,15.8,87.1,48.2,94.9,15.3,93.1,87.6,8.36,54.4,PEM,5,0.5M H2SO4,2.4,0.9,45.6,45.7,69.1,0.00432,757.364963,-0.007,0.033,4,0.698,normal,0
MEA_0355,2024-03-29 12:00,2125,355,Carbon Paper,IrO2,52.6,57.3,77.2,32.2,63.1,84.1,14.3,72.8,2.5,78.3,4.56,42,PEM,5,0.5M H2SO4,2.06,2.8,31.9,86,43.3,-0.000855,755.548088,0.0001,0.026,4,0.921,warning,1
MEA_0356,2024-03-29 18:00,2131,356,Pt/Graphite,,17.2,1.1,16.3,19.8,53.3,22.1,38.2,60,69.7,16.8,6.16,91,Nafion 212,1,1M KOH,2.12,1.4,29.41,84.8,34.9,0.001297,758.311995,0.0014,0.032,4,0.885,warning,1
MEA_0357,2024-03-30 0:00,2137,357,Pt-Co/TiO2/g-C3N4,IrO2,27.2,11.7,41.9,35.7,11.5,38.1,55.5,73.1,72.5,51.2,1.35,23.2,PEM,5,1M KOH,1.3,1.4,19.13,69.3,48,0.002158,762.923641,0.004,0.006,4,0.823,normal,0
MEA_0358,2024-03-30 6:00,2143,358,Carbon Paper,RuO2,1.8,0.5,23,10,60.6,80.8,7.7,77,83.6,48.7,3.7,93.1,Nafion 212,5,0.5M H2SO4,2.17,2.8,1.9,47.8,43.5,0.00307,769.502651,0.004,0.015,4,0.765,normal,0
MEA_0359,2024-03-30 12:00,2149,359,Pt/C,IrO2,91.4,38.8,63.4,44.5,11.7,82.4,0.4,97.5,97.4,62.5,1.35,86.6,Nafion 212,10,0.5M H2SO4,2.25,1.8,7.25,41.4,63.1,0.000717,771.043484,-0.0023,0.005,4,0.933,warning,1
MEA_0360,2024-03-30 18:00,2155,360,Pt-Ni/TiO2/CeO2,RuO2,11.8,53.9,46.2,14.4,33.7,38.5,67,57.4,97.6,94.6,9.63,43.8,Nafion 211,20,0.5M Na2CO3,1.54,0.8,37.96,83.8,51.4,0.000513,772.148999,0.0155,0.037,4,0.951,normal,0
MEA_0361,2024-03-31 0:00,2161,361,Pt-Ru/g-C3N4,RuO2,57.7,14.6,50.8,18.4,14.3,45.9,64.2,34.2,6.5,58,8.17,83.1,PEM,10,Buffer+1M KCl,1.32,1.4,24.11,73,88,0.001288,774.932367,0.0007,0.054,4,0.886,normal,0
MEA_0362,2024-03-31 6:00,2167,362,Pt/C,,27.4,55.6,63.8,2.9,69.2,30.3,41.1,64.8,82.2,54,4.87,22.5,Nafion 211,20,0.5M Na2CO3,1.58,2.3,8.34,79.1,87.8,0.002006,779.279369,-0.0031,0.022,4,0.833,warning,1
MEA_0363,2024-03-31 12:00,2173,363,Pt/C,IrO2,55.4,3.6,31.7,5.6,20.6,93.3,49,6.8,64.6,5,2.62,97.3,Nafion 212,10,1M KOH,2.11,0.9,13.93,56.7,56.6,0.004707,789.50768,-0.0047,0.012,4,0.68,normal,0
MEA_0364,2024-03-31 18:00,2179,364,Pt-Co/TiO2/g-C3N4,,65.1,56.1,73.2,25.8,39.2,11.9,41.5,89.7,64.7,6.3,9.37,62.1,Nafion 212,1,1M KOH,1.63,2,47.44,68,77.7,0.003573,797.293247,-0.0003,0.045,4,0.737,normal,0
MEA_0365,2024-04-01 0:00,2185,365,Pt/Graphite,IrO2,83,21.1,42.6,13.4,89.6,93.4,2.4,11.9,12.8,18.7,3.77,44.3,Nafion 212,5,0.5M Na2CO3,2.1,2.2,18.99,81.1,30.8,0.001576,800.736807,-0.008,0.031,4,0.864,normal,0
MEA_0366,2024-04-01 6:00,2191,366,Pt/Graphite,IrO2,20.6,6.1,12.6,41.8,20.4,68.4,33.5,32.8,65,3.2,2.03,49,AEM-Sustainion X37,20,Buffer+1M KCl,1.17,1.4,45.48,65.4,62.9,-0.000674,799.260073,-0.009,0.01,4,0.937,normal,0
MEA_0367,2024-04-01 12:00,2197,367,40wt%_Pt/C,NiFeO2,1.1,29.2,55.7,0.7,50.8,53.2,17.7,81.6,98.2,74.3,5.85,25.3,AEM-Sustainion X37,1,0.5M H2SO4,2.21,2.2,15.93,73.1,74.6,1.10E-05,799.28424,0.0082,0.023,4,0.999,critical,1
MEA_0368,2024-04-01 18:00,2203,368,Pt-Co/TiO2/g-C3N4,IrO2,13.7,15.4,63.5,19,41.9,3.3,9.8,59.7,91.2,72.3,9.47,99.1,AEM-Sustainion X37,5,0.5M Na2CO3,1.38,2.7,27.62,83.4,43,0.001736,803.108648,0.0086,0.058,4,0.852,normal,0
MEA_0369,2024-04-02 0:00,2209,369,Pt-Ni/TiO2/CeO2,,90,17.1,25.3,16.9,1.8,47.6,95.7,39.4,43.9,13.6,0.54,23.1,Nafion 211,5,1M KOH,1.37,1.7,2,51.8,33.7,0.003883,811.686195,0.0059,0.002,4,0.72,critical,1
MEA_0370,2024-04-02 6:00,2215,370,Pt/Graphite,RuO2,87.4,18.4,68.6,1,79.3,40.8,59.9,47.3,4,83.6,2.76,72.4,Nafion 212,5,Buffer+1M KCl,1.89,1.5,26.57,43.6,39.4,0.001284,814.530255,0.0129,0.018,4,0.886,normal,0
MEA_0371,2024-04-02 12:00,2221,371,Pt-Ru/g-C3N4,IrO2,59.7,48.2,72.5,6.2,6.9,16.1,72.9,85.5,36.2,15.5,9.42,55.4,PEM,10,1M KOH,1.11,1.1,32.21,69.3,56.5,0.002231,819.485306,-0.0088,0.045,4,0.818,normal,0
MEA_0372,2024-04-02 18:00,2227,372,Carbon Paper,NiFeO2,60.1,32.3,22.2,20.7,47.4,65.6,31.5,34,82.6,30.1,2.13,95.9,Nafion 211,1,Buffer+1M KCl,1.04,2,12.48,43.4,60.4,0.004351,829.174983,0.0181,0.01,4,0.697,normal,0
MEA_0373,2024-04-03 0:00,2233,373,Pt-Co/TiO2/g-C3N4,,66.5,18.7,78.7,24.6,56.1,97.1,39.3,87,70.1,24.9,1.58,39.7,Nafion 211,1,Buffer+1M KCl,1.39,2.7,29.37,82.2,52.9,0.004483,839.185522,-0.0071,0.005,4,0.69,normal,0
MEA_0374,2024-04-03 6:00,2239,374,Carbon Paper,IrO2,17.5,36.6,11.3,20.2,62.8,56.2,23.7,8.8,45.9,37.2,5.92,62.6,Nafion 211,5,Buffer+1M KCl,1.81,1.3,32.71,79.6,56.4,0.000295,839.846027,0.0102,0.044,4,0.971,normal,0
MEA_0375,2024-04-03 12:00,2245,375,Pt/C,,91.4,43,16.2,26.5,68.9,71.5,9.7,77.7,5.5,25.5,8.69,58.6,PEM,20,0.5M Na2CO3,2.36,1.5,34.66,88.5,58.2,-0.000738,838.189217,-0.006,0.053,4,0.931,normal,0
MEA_0376,2024-04-03 18:00,2251,376,Pt-Ru/g-C3N4,NiFeO2,41.9,16.4,14.7,29.8,25.3,6.8,17.9,84.8,42.7,48.9,5.03,76.2,Nafion 212,1,0.5M Na2CO3,2.27,1.5,39.04,75.2,76.2,0.000832,840.062049,0.0164,0.033,4,0.923,warning,1
MEA_0377,2024-04-04 0:00,2257,377,Pt-Ru/g-C3N4,NiFeO2,38.3,24.8,71.5,0.5,1,41.8,79.8,18.2,46.9,40.7,9.95,25.4,AEM-Sustainion X37,10,0.5M Na2CO3,1.74,1.9,16.26,43.7,36.3,0.003175,847.228024,0.0053,0.053,4,0.759,critical,1
MEA_0378,2024-04-04 6:00,2263,378,Pt/C,,51.9,7.3,52.3,23.2,72.3,11.6,67.8,43,92.9,98.7,6.95,35.5,Nafion 212,20,Buffer+1M KCl,1.06,1.1,28.82,53.9,76.1,0.004707,857.879965,-0.0075,0.032,4,0.68,normal,0
MEA_0379,2024-04-04 12:00,2269,379,Pt-Co/TiO2/g-C3N4,IrO2,4.7,10.9,12.2,48.2,53.6,61.3,54.7,16.5,64.1,5.6,1.2,37.2,Nafion 212,20,Buffer+1M KCl,1.8,2.6,49.1,84.4,71.3,-0.000538,856.659243,0.0085,0.006,4,0.949,normal,0
MEA_0380,2024-04-04 18:00,2275,380,Pt/C,RuO2,16.6,40.9,35.2,26,83.6,93.8,47.5,70.7,31.2,14.2,9.93,79.1,Nafion 211,20,1M KOH,2.06,1.2,45.01,49.2,74.5,-0.000829,854.773268,-0.0097,0.041,4,0.923,warning,1
MEA_0381,2024-04-05 0:00,2281,381,Carbon Paper,NiFeO2,73.8,10.9,49.2,33.9,82.1,66.2,92.2,53.5,52.5,5.3,4.37,35.1,Nafion 211,20,0.5M H2SO4,1.51,2.3,47.68,78.4,74.1,0.004305,864.592973,0.0133,0.017,4,0.699,normal,0
MEA_0382,2024-04-05 6:00,2287,382,40wt%_Pt/C,IrO2,8.3,31.5,6.7,15.6,84.3,7.7,7.3,63.5,6.6,62.6,3.23,65.9,Nafion 211,1,0.5M Na2CO3,1.17,1.8,19.92,82.9,58.2,0.003489,872.572316,0.0095,0.038,4,0.741,normal,0
MEA_0383,2024-04-05 12:00,2293,383,Pt-Ru/g-C3N4,IrO2,60.3,42.5,70.6,38.7,48.5,35.5,28.1,19.6,97.3,5.5,5.8,37.2,AEM-Sustainion X37,5,Buffer+1M KCl,1.42,2,39.56,58.2,42.7,0.004953,883.929545,-0.0036,0.032,4,0.669,critical,1
MEA_0384,2024-04-05 18:00,2299,384,Pd-Ni/CeO2,RuO2,24.5,6.4,64.3,38.6,33.4,55.1,35,21.2,36,83.6,3.39,88.9,AEM-Sustainion X37,20,1M KOH,2.16,0.9,31.37,57.7,62.2,0.001381,887.104464,0.0012,0.023,4,0.879,normal,0
MEA_0385,2024-04-06 0:00,2305,385,Pd-Ni/CeO2,NiFeO2,38.9,34,40.4,26.1,79.2,40.3,78.2,4.1,47.8,51.2,1.32,95.4,AEM-Sustainion X37,10,1M KOH,1.53,2.3,5.05,70.7,87.5,0.001496,890.552744,-0.0098,0.008,4,0.87,normal,0
MEA_0386,2024-04-06 6:00,2311,386,Carbon Paper,NiFeO2,28.9,15.4,77.4,48.8,45.1,83.4,99.3,32.2,35.5,52.7,0.51,61.5,Nafion 212,10,1M KOH,2.22,1,41.38,87.4,65.3,3.40E-05,890.631318,0.0108,0.002,4,0.997,normal,0
MEA_0387,2024-04-06 12:00,2317,387,Pt-Ni/TiO2/CeO2,IrO2,35.6,57.8,33.4,6.3,18.3,81.5,24.1,56,68.3,56.2,4.77,48.2,Nafion 211,5,0.5M Na2CO3,1.48,0.8,34.18,52.3,30.7,-0.000305,889.924633,-0.0003,0.021,4,0.97,normal,0
MEA_0388,2024-04-06 18:00,2323,388,Pt/Graphite,IrO2,71.9,29,78.7,0.8,85.5,61.2,87.4,85.8,66.2,17.1,8.45,38.7,PEM,1,0.5M Na2CO3,1.25,1.9,10.75,91.8,33.6,0.002472,895.667089,0.0071,0.028,4,0.802,normal,0
MEA_0389,2024-04-07 0:00,2329,389,Pt/C,RuO2,29.7,48.4,53.4,38.5,88.3,37.3,83.1,66.7,71.5,19.8,5.94,24,Nafion 212,5,0.5M H2SO4,1.65,2.3,4.91,73,89.6,0.001186,898.429283,0.0187,0.023,4,0.894,normal,0
MEA_0390,2024-04-07 6:00,2335,390,Pt/C,RuO2,56.6,33,50.8,40.4,46.6,25.5,22.5,43.5,26.8,31.9,9.99,41.5,AEM-Sustainion X37,20,1M KOH,1.68,0.6,42.01,94.6,34.3,-0.000518,897.219753,-0.001,0.084,4,0.951,critical,1
MEA_0391,2024-04-07 12:00,2341,391,Pt-Ni/TiO2/CeO2,NiFeO2,47.6,2.6,13.3,6,7.6,10.6,39.9,95.3,31.6,59.3,3.23,72.3,PEM,1,0.5M Na2CO3,1.02,0.7,4.87,44.9,32.8,0.004322,907.337555,0.0197,0.018,4,0.698,normal,0
MEA_0392,2024-04-07 18:00,2347,392,Pt-Ni/TiO2/CeO2,,66.4,38,70.6,13.3,38.8,35.5,41,71.9,12.5,21,3.16,62.7,PEM,1,1M KOH,1.18,2.5,5.48,47,51.2,0.00019,907.783485,0.009,0.02,4,0.981,normal,0
MEA_0393,2024-04-08 0:00,2353,393,Carbon Paper,NiFeO2,93.7,57.1,34.2,0.9,80.4,41.3,97.8,93,65.6,11.6,2.02,95.5,Nafion 211,20,Buffer+1M KCl,1.28,2.5,21.94,85.5,88.2,0.003492,916.000161,-0.0027,0.007,4,0.741,normal,0
MEA_0394,2024-04-08 6:00,2359,394,Carbon Paper,IrO2,73.3,36.1,13,14.7,90.2,67.6,18.1,52.8,4,97,2.06,51.7,PEM,10,1M KOH,1.17,1.1,7.61,87.6,49.1,0.000693,917.634948,0.0031,0.014,4,0.935,warning,1
MEA_0395,2024-04-08 12:00,2365,395,Pt-Ni/TiO2/CeO2,NiFeO2,21.5,49.2,1,38.7,20.3,65.8,79.9,25.9,59.8,2.2,3.21,75.5,AEM-Sustainion X37,20,0.5M H2SO4,1.51,2,45.77,64.5,54.6,0.003877,926.804053,0.0122,0.014,4,0.721,critical,1
MEA_0396,2024-04-08 18:00,2371,396,Pt-Ru/g-C3N4,,3.1,53.1,44.8,25.9,6.7,7,33.4,5.3,87,80.3,8.03,59.1,Nafion 211,5,0.5M Na2CO3,2.45,1.6,24.04,79.3,68,-0.00029,926.116463,0.0034,0.06,4,0.972,warning,1
MEA_0397,2024-04-09 0:00,2377,397,Carbon Paper,RuO2,26.2,13.7,42.2,17.4,87.7,39.5,73.1,72.6,89.1,78.8,9.1,61,PEM,20,Buffer+1M KCl,1.76,2.1,28.89,87.7,31.4,0.003536,934.521535,-0.0079,0.033,4,0.739,normal,0
MEA_0398,2024-04-09 6:00,2383,398,40wt%_Pt/C,,59.5,12.7,57.5,18.6,38.9,18.2,42,12.1,44.9,29.7,9.76,41.4,Nafion 211,10,0.5M Na2CO3,1.94,2.7,46.48,42.4,83.9,-0.000411,933.542122,-0.0049,0.083,4,0.961,critical,1
MEA_0399,2024-04-09 12:00,2389,399,Carbon Paper,,5.1,36.7,71.2,0.1,54.2,15.7,57.8,30.3,45.9,13.6,2.71,56.4,PEM,20,Buffer+1M KCl,1.53,0.7,26.98,71.6,61.2,0.001681,937.558031,0.0137,0.018,4,0.856,normal,0
MEA_0400,2024-04-09 18:00,2395,400,Pt/C,,49.6,24.7,6.4,15,96.8,82.7,83.3,53.2,7.7,14.6,8.87,57.7,Nafion 212,5,1M KOH,1.49,2.4,18.33,86.9,58,0.003404,945.710611,0.0095,0.039,4,0.746,normal,0
MEA_0401,2024-04-10 0:00,2401,401,Carbon Paper,RuO2,59.7,50.4,58.5,32.3,6.7,4.2,80.4,56.4,67.1,69.7,3.62,76.5,Nafion 212,5,1M KOH,1.03,1.7,40.06,61.9,81.6,3.90E-05,945.80425,0.0071,0.017,4,0.996,normal,0
MEA_0402,2024-04-10 6:00,2407,402,Pt-Ru/g-C3N4,,33.4,54,15,48.7,64.8,41.9,86.6,60.1,82.1,64.3,1.57,95.3,AEM-Sustainion X37,10,0.5M H2SO4,1.75,1.9,22.7,56.6,87.2,0.000714,947.522848,-0.005,0.006,4,0.933,normal,0
MEA_0403,2024-04-10 12:00,2413,403,Pt-Ni/TiO2/CeO2,,77.1,21.2,68.7,42.4,7.4,16.8,6,16.6,24.5,78.3,8.77,46.3,Nafion 212,5,0.5M H2SO4,1.73,2.1,16.61,83.8,55.4,0.004189,957.630905,0.0151,0.137,4,0.705,warning,1
MEA_0404,2024-04-10 18:00,2419,404,Pt/C,,10.7,14.2,65.5,1.2,37.5,87.9,69.2,38,42.1,93.7,6.54,23.4,Nafion 212,5,Buffer+1M KCl,1.24,2.8,36.44,58.5,40.3,0.004311,968.059214,0.0188,0.028,4,0.699,normal,0
MEA_0405,2024-04-11 0:00,2425,405,Carbon Paper,IrO2,7.5,46.8,43.3,44.9,80.4,55.7,14,61.7,83.9,69.2,2.06,59.7,Nafion 212,20,0.5M H2SO4,2.15,0.6,40.28,40.2,78.9,-0.00073,966.288964,-0.0088,0.01,4,0.932,normal,0
MEA_0406,2024-04-11 6:00,2431,406,Pt-Ru/g-C3N4,,72.8,16.5,56.8,39.2,43.3,23.1,41.6,97,87.7,15.6,4.58,63.6,PEM,1,0.5M H2SO4,1.74,0.6,39.79,92.8,54.2,9.00E-06,966.310843,-0.0077,0.018,4,0.999,normal,0
MEA_0407,2024-04-11 12:00,2437,407,40wt%_Pt/C,RuO2,49.5,49.4,25.1,39,99.7,50.2,54.9,72.8,24.3,24.3,3.23,33.5,PEM,5,0.5M H2SO4,1.51,0.9,48.91,72.6,86.1,-0.000295,965.591928,0.0165,0.016,4,0.971,normal,0
MEA_0408,2024-04-11 18:00,2443,408,Carbon Paper,,68.8,25.4,37.7,22.9,55.9,73.1,40.3,92.3,55.1,84.2,7.5,80.8,Nafion 211,5,0.5M H2SO4,1.22,3,39.55,85.1,87,7.80E-05,965.782482,0.0145,0.029,4,0.992,normal,0
MEA_0409,2024-04-12 0:00,2449,409,Pt-Ru/g-C3N4,,43.5,40.1,65.7,19.9,32.1,95.8,52,76.2,19.2,20.9,4.81,98.8,PEM,10,1M KOH,1.83,2.3,38.73,85.4,36.9,0.004821,977.589111,0.0085,0.02,4,0.675,normal,0
MEA_0410,2024-04-12 6:00,2455,410,40wt%_Pt/C,RuO2,24.6,5.7,36.7,15.1,22,22,99.7,59.2,10.2,7.3,9.9,95.7,Nafion 212,10,0.5M H2SO4,2.13,2,43.02,43.7,87.4,0.00231,983.260161,0.0183,0.052,4,0.812,normal,0
MEA_0411,2024-04-12 12:00,2461,411,Pt-Ni/TiO2/CeO2,,81.9,37.4,28.6,3.3,35.1,88.6,13.5,19.2,91.1,70.3,1.02,35.8,PEM,20,1M KOH,1.42,0.6,1.01,49.4,52.1,0.001809,987.71211,0.0094,0.005,4,0.847,normal,0
MEA_0412,2024-04-12 18:00,2467,412,Carbon Paper,RuO2,79.9,27.1,39.5,11.4,37.3,93.4,67.5,66.7,82.1,40.3,3.87,90,AEM-Sustainion X37,20,1M KOH,1.33,2.7,18.76,57.1,68.8,0.004907,999.817679,-0.0035,0.012,4,0.671,warning,1
MEA_0413,2024-04-13 0:00,2473,413,40wt%_Pt/C,,69.5,35.2,66.3,12.3,6.9,91.6,39.6,62.3,76,92,5.08,76.4,Nafion 211,5,0.5M Na2CO3,1.78,2.5,37.14,57.6,32.1,0.002342,1005.609445,0.0119,0.019,4,0.81,critical,1
MEA_0414,2024-04-13 6:00,2479,414,Pt/C,RuO2,27.2,10.1,26.8,24.2,37,63.5,13.3,60.2,4.9,65,5.28,56.3,Nafion 211,1,1M KOH,1.23,2.2,30.39,76.2,83.3,0.002967,1012.964638,0.0094,0.037,4,0.771,critical,1
MEA_0415,2024-04-13 12:00,2485,415,Pt-Ni/TiO2/CeO2,,59,44.2,13.9,37.4,46.4,63,15.9,49,84.4,9,3.5,63.2,PEM,1,1M KOH,2,1.3,9.7,74.3,68.5,0.000997,1015.442183,0.0196,0.016,4,0.909,warning,1
MEA_0416,2024-04-13 18:00,2491,416,Pt/C,,36.1,51.8,57,23.7,72.3,40.3,94.9,52.9,43.8,94.8,7.43,88,Nafion 212,20,0.5M H2SO4,1.91,0.7,15.88,67.2,68.6,0.001293,1018.663046,-0.0036,0.032,4,0.886,normal,0
MEA_0417,2024-04-14 0:00,2497,417,Pd-Ni/CeO2,IrO2,9.2,13,66.1,2.9,65.7,75.2,88,33.4,34.2,25.9,8.81,58.4,Nafion 211,10,1M KOH,1.13,2,17.5,51.6,84.1,0.002566,1025.070348,0.0079,0.038,4,0.796,warning,1
MEA_0418,2024-04-14 6:00,2503,418,Pt-Co/TiO2/g-C3N4,IrO2,91.7,5.7,8.1,47.9,70.9,53.1,90.7,51.9,54.6,33.7,9.42,49.9,AEM-Sustainion X37,5,Buffer+1M KCl,1.05,2.3,28.82,61,60.5,-0.000581,1023.616105,0.0134,0.038,4,0.945,normal,0
MEA_0419,2024-04-14 12:00,2509,419,Carbon Paper,,13.7,1.4,19.2,47.1,0.8,67.7,99.2,19.8,9.1,40.2,8.15,59.5,AEM-Sustainion X37,5,0.5M H2SO4,1.93,0.7,41.75,69.9,54.6,0.000535,1024.95842,0.0002,0.042,4,0.949,warning,1
MEA_0420,2024-04-14 18:00,2515,420,40wt%_Pt/C,,95,38.5,11.4,39.3,21.8,42.8,20.8,80.5,75.7,5.1,8.58,66.3,Nafion 211,1,0.5M H2SO4,1.44,2.1,46.69,65.7,82,0.000181,1025.413635,0.0014,0.039,4,0.982,normal,0
MEA_0421,2024-04-15 0:00,2521,421,Pt-Co/TiO2/g-C3N4,NiFeO2,44.6,36.4,27.8,49.6,66.2,73.1,35.5,18.6,58.2,49.7,5.73,35.1,Nafion 212,20,0.5M H2SO4,1.13,1.2,37.75,47,74.5,-0.000905,1023.13213,0.0166,0.031,4,0.917,warning,1
MEA_0422,2024-04-15 6:00,2527,422,Pt-Co/TiO2/g-C3N4,RuO2,18.5,32.8,36,27.2,48.4,82.4,66.9,8.5,18.7,12.3,8.35,92.1,Nafion 212,1,0.5M Na2CO3,2.14,2.4,42.3,75.7,86.9,0.002221,1028.744597,0.0021,0.047,4,0.818,normal,0
MEA_0423,2024-04-15 12:00,2533,423,40wt%_Pt/C,NiFeO2,54.2,13.9,59.9,48.1,0.5,14.6,48.4,43.6,18.8,40.1,3.38,73.9,PEM,1,0.5M H2SO4,1.47,1.8,24.03,44,86.4,0.002366,1034.737675,0.0087,0.027,4,0.809,normal,0
MEA_0424,2024-04-15 18:00,2539,424,Pt-Ni/TiO2/CeO2,IrO2,87.3,23.5,52.1,3.8,80.4,83.3,41.8,65.8,18.4,35.1,4.29,70.7,PEM,20,1M KOH,1.69,0.8,20.1,60.8,52.9,0.001304,1038.048531,0.0167,0.02,4,0.885,normal,0
MEA_0425,2024-04-16 0:00,2545,425,Carbon Paper,IrO2,73.2,35.7,49.7,18.3,77.3,54,35.8,43.8,5.7,77.3,3.51,28,Nafion 211,10,Buffer+1M KCl,1.36,1.8,20.24,79.1,56.8,0.000612,1039.606071,-0.0037,0.025,4,0.942,normal,0
MEA_0426,2024-04-16 6:00,2551,426,Pd-Ni/CeO2,IrO2,80.7,29.8,28.2,11.3,54.8,84.5,59.4,27.7,58.8,80.3,4.94,68.3,PEM,5,0.5M H2SO4,1.94,1.5,31.19,41.1,45.4,0.002912,1047.034583,0.0195,0.021,4,0.774,critical,1
MEA_0427,2024-04-16 12:00,2557,427,Pt/C,IrO2,65.9,59.3,67.3,9.8,6.6,43.1,57.6,55.8,84,15.3,3.21,29.7,PEM,10,0.5M H2SO4,1.45,1,7.09,71.3,69.6,-0.000192,1046.543639,0.0111,0.013,4,0.981,normal,0
MEA_0428,2024-04-16 18:00,2563,428,Pt-Ru/g-C3N4,,69.2,8.2,37.7,7,76.7,37.9,16.1,34.7,1.7,36.7,9.64,26.3,PEM,20,Buffer+1M KCl,2.45,2.6,29.4,58.4,51.9,0.002112,1051.956695,0.0049,0.107,4,0.826,normal,0
MEA_0429,2024-04-17 0:00,2569,429,Pt/C,IrO2,84.9,41.7,78.3,31.1,58.4,91.5,47.2,93.3,4.9,37.3,3.47,62.2,AEM-Sustainion X37,20,0.5M H2SO4,2.05,0.5,33.59,40.5,77.2,0.003608,1061.225647,0.0029,0.015,4,0.735,critical,1
MEA_0430,2024-04-17 6:00,2575,430,Pt-Ru/g-C3N4,,25,24.3,50.7,39.1,78.2,25.1,55.3,92.3,57.3,15.1,1.43,52.2,PEM,5,0.5M Na2CO3,1.21,1.3,22.51,50.5,37.3,-1.40E-05,1061.189597,0.0186,0.006,4,0.999,normal,0
MEA_0431,2024-04-17 12:00,2581,431,Pt/C,,48.9,25.7,10.1,28.9,75.2,84.4,57,50.2,81.9,79.8,5.5,67.1,Nafion 211,10,1M KOH,1.63,0.5,47.71,91.8,37,0.00352,1070.274717,-0.0038,0.02,4,0.74,normal,0
MEA_0432,2024-04-17 18:00,2587,432,40wt%_Pt/C,IrO2,22.1,43.1,54.1,7.3,80.3,48.4,21,32.8,32.7,70.7,1.04,27.1,Nafion 212,5,Buffer+1M KCl,1.58,0.7,30.8,68.7,42.3,0.003565,1079.497372,-0.0006,0.008,4,0.737,normal,0
MEA_0433,2024-04-18 0:00,2593,433,Pd-Ni/CeO2,IrO2,98.8,41.5,26,40.6,51.8,51.4,74.2,73.7,35,19,1.55,54.5,PEM,1,Buffer+1M KCl,1.8,1.2,11.78,94.8,35.1,-0.00064,1077.837852,-0.0008,0.007,4,0.94,normal,0
MEA_0434,2024-04-18 6:00,2599,434,Carbon Paper,RuO2,94.4,59.5,54.9,31.8,14,30.8,2.5,3.7,59.6,36.7,2.58,34,Nafion 212,1,0.5M Na2CO3,2.26,0.6,24.48,68.9,67.2,-0.000887,1075.532539,-0.0013,0.027,4,0.919,warning,1
MEA_0435,2024-04-18 12:00,2605,435,Pt-Ru/g-C3N4,NiFeO2,3.9,7.7,5.6,19.4,67.1,57.3,35.5,47.5,27.4,10.6,4.91,99,PEM,1,1M KOH,1.88,2,34.09,69.9,38.8,0.004844,1088.151159,0.0041,0.029,4,0.674,warning,1
MEA_0436,2024-04-18 18:00,2611,436,Carbon Paper,IrO2,70.6,6.2,14,33.7,62,32.5,78,33.6,2.7,62.8,4.62,64.9,Nafion 211,10,0.5M Na2CO3,1.09,0.7,16.86,61.6,39.6,0.00016,1088.568919,0.0197,0.031,4,0.984,critical,1
MEA_0437,2024-04-19 0:00,2617,437,Carbon Paper,RuO2,92.5,43.5,68.5,13,74.2,3.9,56.4,92.1,73.5,12.1,8.1,75,AEM-Sustainion X37,1,1M KOH,1.98,2.3,4.9,57.1,30.9,0.003933,1098.86158,0.0167,0.036,4,0.718,normal,0
MEA_0438,2024-04-19 6:00,2623,438,Carbon Paper,RuO2,18.1,34.7,18.2,17.3,17,27.2,26.1,1.2,62.6,98.6,7.53,46,Nafion 211,5,0.5M Na2CO3,1.01,0.6,29.59,53.8,76.9,0.002371,1105.080713,-0.0002,0.064,4,0.808,normal,0
MEA_0439,2024-04-19 12:00,2629,439,Pt/Graphite,NiFeO2,56.8,16.4,67,45.9,19.5,0.6,69.5,55.3,58.1,78.1,4.55,27.6,AEM-Sustainion X37,10,0.5M H2SO4,2.17,0.6,47.45,58.9,78.7,0.000587,1106.623936,0.0027,0.025,4,0.945,normal,0
MEA_0440,2024-04-19 18:00,2635,440,Pt-Ni/TiO2/CeO2,,91.5,4.8,22.3,14.5,89,97.8,56.7,74.1,74.2,39,3.67,98.1,PEM,5,0.5M Na2CO3,2,1.3,24.77,65.3,39.7,-0.00022,1106.044236,0.0101,0.012,4,0.978,warning,1
MEA_0441,2024-04-20 0:00,2641,441,Pt/C,IrO2,3.4,5.1,51.4,23.5,75,96.6,79.6,48.5,67.5,57.9,3.51,42.9,PEM,20,Buffer+1M KCl,1.46,2.7,45.4,50.6,74.4,0.00198,1111.273416,-0.0095,0.012,4,0.835,normal,0
MEA_0442,2024-04-20 6:00,2647,442,Carbon Paper,NiFeO2,69.7,53.7,55.5,44.5,90.8,39.5,73.5,8.5,20.6,91.1,7.85,53.9,AEM-Sustainion X37,10,Buffer+1M KCl,1.44,2.1,41.92,52.4,56,0.001444,1115.095684,0.0146,0.055,4,0.874,normal,0
MEA_0443,2024-04-20 12:00,2653,443,Pt/C,IrO2,29.7,11.5,41,35.4,75.9,72.8,61,97.2,35.2,55.4,0.99,72,Nafion 211,5,Buffer+1M KCl,2.2,2.4,8.22,54.9,44.4,0.003193,1123.566713,0.0164,0.004,4,0.758,normal,0
MEA_0444,2024-04-20 18:00,2659,444,Carbon Paper,RuO2,92.4,19.4,24.4,3.1,59.7,34.6,48.8,51.8,12.6,17.4,0.62,22,Nafion 211,5,0.5M Na2CO3,2.18,0.9,35.7,64.7,67.3,0.004425,1135.332788,0.0157,0.004,4,0.693,normal,0
MEA_0445,2024-04-21 0:00,2665,445,Pt-Ru/g-C3N4,RuO2,97.1,13.6,17,7.4,65.4,67.1,13.3,61.4,13,37.9,8.06,84.8,AEM-Sustainion X37,10,Buffer+1M KCl,1.53,2.6,22.34,75.9,40.7,0.003831,1145.542403,0.0013,0.052,4,0.723,warning,1
MEA_0446,2024-04-21 6:00,2671,446,Pt-Ni/TiO2/CeO2,,94.4,21.3,2.7,0.4,88.9,80.5,26.1,23.7,67.6,84.3,5.03,62.9,PEM,20,Buffer+1M KCl,1.45,0.5,13.26,87.1,75.4,0.000647,1147.27054,0.0039,0.025,4,0.939,normal,0
MEA_0447,2024-04-21 12:00,2677,447,Pt-Ni/TiO2/CeO2,RuO2,47.4,4.2,24.3,31.5,57.9,94.7,41.9,48.3,85.9,64.4,1.74,42.3,AEM-Sustainion X37,10,0.5M H2SO4,1.84,1,34.66,55.8,32.9,0.004274,1158.712038,-0.0096,0.006,4,0.701,normal,0
MEA_0448,2024-04-21 18:00,2683,448,40wt%_Pt/C,RuO2,86.2,31.1,52.3,22.4,63.2,40,59.9,42.9,96.3,65.1,2.74,24.9,PEM,1,0.5M H2SO4,1.01,2,37.39,50.1,87.5,0.004,1169.444038,0.002,0.011,4,0.714,normal,0
MEA_0449,2024-04-22 0:00,2689,449,Pt/Graphite,NiFeO2,84.5,4.1,75.1,6.7,15.6,78.3,51.4,7.5,62.8,86.7,9.36,33,AEM-Sustainion X37,1,1M KOH,1.12,1.4,9.81,60.8,34.3,0.004575,1181.746213,0.0038,0.047,4,0.686,warning,1
MEA_0450,2024-04-22 6:00,2695,450,40wt%_Pt/C,IrO2,31.9,48,69.7,47.9,47.4,26.6,28.8,10.6,18.4,89.4,8.67,91.6,PEM,20,1M KOH,1.19,3,45.81,89.2,64.8,0.001752,1186.467853,0.0172,0.103,4,0.851,normal,0
MEA_0451,2024-04-22 12:00,2701,451,40wt%_Pt/C,IrO2,82.9,14,61.3,26.5,71.6,99,0.6,83.7,10.6,92,7.24,74.9,AEM-Sustainion X37,5,1M KOH,1.28,0.6,37.81,40.5,84.1,0.003611,1196.221164,0.0168,0.037,4,0.735,normal,0
MEA_0452,2024-04-22 18:00,2707,452,40wt%_Pt/C,NiFeO2,3.7,32.4,63.1,12.1,27.1,2.6,49.6,24,81.3,9.5,5.08,40,Nafion 212,5,0.5M Na2CO3,1.77,3,46.74,77.3,30.7,0.00255,1203.124014,0.019,0.032,4,0.797,normal,0
MEA_0453,2024-04-23 0:00,2713,453,40wt%_Pt/C,,59.6,52.8,53.2,25,20.2,60.4,28.6,19.5,57.9,54.4,5.44,25.2,PEM,5,1M KOH,2.49,2.1,16.54,66.2,59.9,0.000863,1205.465333,0.0166,0.033,4,0.921,normal,0
MEA_0454,2024-04-23 6:00,2719,454,40wt%_Pt/C,IrO2,23,39.1,20.8,34,31.4,66,73.5,50.5,61.8,74.1,9.76,75.2,Nafion 211,10,0.5M Na2CO3,1.98,1.9,47.03,48.9,51,0.004967,1218.970606,-0.0098,0.039,4,0.668,warning,1
MEA_0455,2024-04-23 12:00,2725,455,Pd-Ni/CeO2,RuO2,12.1,32,72.6,3.8,24.2,68.8,2.4,76.9,78.1,75.7,9.67,65.8,AEM-Sustainion X37,10,0.5M Na2CO3,1.09,0.6,19.06,57.7,64.8,-0.00077,1216.872356,0.0092,0.043,4,0.929,normal,0
MEA_0456,2024-04-23 18:00,2731,456,Pt-Ni/TiO2/CeO2,IrO2,7.7,19.5,53.7,13.7,21.5,12,58.5,6.2,70.3,60.7,2.55,52.4,Nafion 211,20,1M KOH,1.79,1.2,3.64,52.4,43.5,-2.60E-05,1216.80135,-0.008,0.017,4,0.997,critical,1
MEA_0457,2024-04-24 0:00,2737,457,40wt%_Pt/C,RuO2,69.6,20,44.8,40.3,42.5,93.9,94.1,57.7,83.4,16.7,8.21,49.1,AEM-Sustainion X37,1,1M KOH,1.74,2.8,38.39,88.3,33.9,0.004355,1228.720985,-0.0018,0.025,4,0.697,normal,0
MEA_0458,2024-04-24 6:00,2743,458,Carbon Paper,,34,40.2,8.9,23,90.8,18.1,17.4,11.9,5.6,79.7,2.37,37.3,Nafion 211,5,0.5M Na2CO3,1.22,1.4,35.47,66.5,67.6,-0.000637,1226.973694,0.0073,0.045,4,0.94,warning,1
MEA_0459,2024-04-24 12:00,2749,459,Pt-Ni/TiO2/CeO2,NiFeO2,72.5,59.6,35.8,27.3,50.7,62.3,47.2,3.6,74.8,72,2.53,73.6,Nafion 211,1,0.5M H2SO4,2.38,2.2,30.3,71,55,0.004321,1238.852123,0.011,0.013,4,0.698,warning,1
MEA_0460,2024-04-24 18:00,2755,460,Pt-Ni/TiO2/CeO2,IrO2,6.5,39.7,36.8,21.6,18.8,22.3,9.1,5.3,85.1,8.6,6.92,97.7,AEM-Sustainion X37,10,Buffer+1M KCl,1.66,3,25,72.7,67.3,0.003291,1247.918828,0.0096,0.057,4,0.752,normal,0
MEA_0461,2024-04-25 0:00,2761,461,Pt-Co/TiO2/g-C3N4,NiFeO2,31.5,33.5,69.2,2.2,7.7,30.7,62.6,83.4,28.6,46.4,4.35,34.1,AEM-Sustainion X37,10,Buffer+1M KCl,2.49,1.2,2.58,75.2,42.6,-0.00078,1245.765248,-0.0085,0.021,4,0.928,normal,0
MEA_0462,2024-04-25 6:00,2767,462,Pd-Ni/CeO2,IrO2,53.9,43.8,43.7,8.3,69.6,54.6,55.1,11.8,64,17.4,9.35,67.8,Nafion 211,10,Buffer+1M KCl,1.63,1.9,31.61,67.3,50.3,0.001576,1250.12604,-0.0069,0.05,4,0.864,normal,0
MEA_0463,2024-04-25 12:00,2773,463,40wt%_Pt/C,RuO2,79.1,27.9,30.4,22.3,38.3,41.7,40.7,4.5,31.4,33.7,1.35,53.9,Nafion 211,1,0.5M H2SO4,1.91,2.2,21.42,41,63.7,0.003527,1259.906411,-0.0061,0.011,4,0.739,normal,0
MEA_0464,2024-04-25 18:00,2779,464,Pt/C,NiFeO2,31.9,3.6,78.1,10.5,82.2,16,52.1,43.8,95.8,1.8,5.36,55.7,Nafion 211,20,0.5M Na2CO3,1.16,0.9,28.45,58.4,65.6,0.002499,1266.851132,-0.0073,0.026,4,0.8,normal,0
MEA_0465,2024-04-26 0:00,2785,465,Pt-Ru/g-C3N4,IrO2,62.6,33.7,8.9,2.5,66,17.1,89.7,84.4,3.3,40,9.23,40.3,PEM,20,1M KOH,1.68,0.9,22.04,50.1,52.3,0.004615,1279.703907,-0.0047,0.047,4,0.684,normal,0
MEA_0466,2024-04-26 6:00,2791,466,Pt/Graphite,RuO2,88.6,57.5,33.8,42.2,79.6,41.8,19.6,26.2,58,55,9.09,86,PEM,10,0.5M Na2CO3,1.36,1.6,48.34,77.4,46.8,0.004206,1291.442853,0.0107,0.062,4,0.704,warning,1
MEA_0467,2024-04-26 12:00,2797,467,Carbon Paper,NiFeO2,61.6,10.5,3.4,49.1,27.2,75.7,2.3,42.2,16.7,62,1.99,58.8,Nafion 212,5,0.5M Na2CO3,2.25,1.5,30.6,43.1,46.4,0.000996,1294.228665,0.0149,0.015,4,0.909,normal,0
MEA_0468,2024-04-26 18:00,2803,468,Pt/C,NiFeO2,23.3,41.4,59.2,39.7,69.2,89.8,86.2,4,71.2,66.3,3.98,63.5,PEM,1,1M KOH,2.18,2.3,37.71,71,40.5,-0.000492,1292.849589,0.0023,0.016,4,0.953,warning,1
MEA_0469,2024-04-27 0:00,2809,469,Pd-Ni/CeO2,IrO2,2.4,12.1,73.4,42.7,26.4,8.4,57.7,44.9,17.6,83.6,6.38,44.4,PEM,10,0.5M H2SO4,2.24,0.7,46.88,51.6,49.5,0.004666,1305.956383,0.0108,0.05,4,0.682,normal,0
MEA_0470,2024-04-27 6:00,2815,470,Pt-Ru/g-C3N4,IrO2,87,32.1,22.4,12.1,93.9,39.3,89.1,57.8,23.5,21.5,2.01,34.5,AEM-Sustainion X37,1,Buffer+1M KCl,2.09,2.9,29.99,92.2,42,0.002104,1311.879143,-0.004,0.01,4,0.826,normal,0
MEA_0471,2024-04-27 12:00,2821,471,Pd-Ni/CeO2,IrO2,2.1,5.8,68.7,48,63.6,10,59.7,57.1,49.4,12,9.7,26.9,Nafion 212,1,Buffer+1M KCl,2.25,0.5,1.59,58.5,68,-0.000554,1310.316309,0.0192,0.055,4,0.948,critical,1
MEA_0472,2024-04-27 18:00,2827,472,Carbon Paper,RuO2,87.5,27,23.4,9.8,32.5,1.7,81,33.2,91.5,85.2,9.19,77.1,Nafion 212,20,0.5M Na2CO3,1.3,2,2.68,57.9,64.1,0.003899,1321.338782,0.0005,0.044,4,0.719,normal,0
MEA_0473,2024-04-28 0:00,2833,473,Pt-Ni/TiO2/CeO2,IrO2,52.9,45.4,72.9,47.6,27,66.2,43,31.6,21.2,15.7,2.09,35.7,PEM,10,0.5M H2SO4,1.68,1.9,35.41,90.8,53,0.004211,1333.268545,0.0154,0.013,4,0.704,normal,0
MEA_0474,2024-04-28 6:00,2839,474,Pt-Ru/g-C3N4,NiFeO2,93.9,20.9,60.3,49.7,19.1,60.2,75,10.7,14.4,97.5,1.65,75.2,AEM-Sustainion X37,20,Buffer+1M KCl,2.04,0.8,14.68,63,49.5,0.002837,1341.322788,0.0184,0.01,4,0.779,warning,1
MEA_0475,2024-04-28 12:00,2845,475,Pt-Ni/TiO2/CeO2,NiFeO2,79.9,39.9,64.4,35.6,69.5,16.3,91.3,36.7,75.9,84.3,1.31,51.2,AEM-Sustainion X37,10,0.5M H2SO4,1.96,0.9,29.39,93,44.3,0.001685,1346.116613,0.0159,0.006,4,0.856,critical,1
MEA_0476,2024-04-28 18:00,2851,476,Carbon Paper,IrO2,99.8,47.7,1.4,49.1,21.9,23.4,57.2,9.9,50.1,50.1,9.14,53.3,Nafion 212,1,1M KOH,2.07,2.5,10.91,41.3,62.1,0.002973,1354.592636,-0.008,0.065,4,0.771,normal,0
MEA_0477,2024-04-29 0:00,2857,477,Pt/C,IrO2,35.1,55.6,77,28.5,59.5,2.4,18.1,76.7,91.2,98.1,2.34,57.5,AEM-Sustainion X37,20,0.5M Na2CO3,1.34,2.7,14.24,56.8,85.1,0.00324,1363.849316,0.0095,0.012,4,0.755,normal,0
MEA_0478,2024-04-29 6:00,2863,478,Carbon Paper,,76.7,14.1,58.1,13,26.5,83.5,26.9,96.6,14.7,9.7,4.45,49.4,Nafion 211,1,0.5M Na2CO3,1.15,1.2,25.73,76.6,71.1,0.004358,1376.32627,-0.0064,0.02,4,0.696,normal,0
MEA_0479,2024-04-29 12:00,2869,479,Pt/C,NiFeO2,40.2,24,24.4,21.8,66.2,97.5,19.9,97,64.6,30.3,4.76,28,PEM,10,0.5M H2SO4,2.38,1.6,48.8,89,74.7,0.004735,1389.910985,-0.0098,0.017,4,0.679,normal,0
MEA_0480,2024-04-29 18:00,2875,480,Pt-Ru/g-C3N4,RuO2,48,9.1,66.4,29.7,81.5,13.5,24.7,86.5,23.3,63.8,6.19,44.8,Nafion 211,5,Buffer+1M KCl,1.84,1.4,31.2,54.1,80.1,0.002086,1395.908235,-0.0084,0.042,4,0.827,normal,0
MEA_0481,2024-04-30 0:00,2881,481,Pt-Ru/g-C3N4,,62.8,59.5,22.5,3.7,77.8,23.1,30.6,60.1,15.7,35,1.18,73.1,Nafion 212,20,0.5M H2SO4,1.23,0.7,46.87,91.2,51.1,0.003791,1406.830106,0.0175,0.009,4,0.725,normal,0
MEA_0482,2024-04-30 6:00,2887,482,40wt%_Pt/C,IrO2,87.4,55.6,69.8,31.1,76.1,86.8,55.5,70.1,68.3,92.8,2.65,73.3,Nafion 212,20,1M KOH,2.19,2.2,48.01,72.7,33.8,0.004787,1420.650175,0.0173,0.009,4,0.676,normal,0
MEA_0483,2024-04-30 12:00,2893,483,Pd-Ni/CeO2,IrO2,98.4,32.4,9,49.1,18.8,92.6,58.8,28.5,59.4,6.6,9.35,42.9,AEM-Sustainion X37,1,Buffer+1M KCl,2.37,2.6,11.2,84.1,67.4,-9.30E-05,1420.381126,-0.0032,0.039,4,0.991,warning,1
MEA_0484,2024-04-30 18:00,2899,484,40wt%_Pt/C,NiFeO2,76.8,50.5,56.3,9.5,8.8,42,42.6,63.1,75.5,54.9,9.13,56.8,AEM-Sustainion X37,1,Buffer+1M KCl,1.25,1.3,16.25,61.8,41.3,-0.00089,1417.801016,0.0064,0.041,4,0.918,warning,1
MEA_0485,2024-05-01 0:00,2905,485,Pd-Ni/CeO2,IrO2,41.8,31.3,43.3,39.6,69.9,5.1,61.5,45.6,30.9,59.1,7.92,35.5,Nafion 212,5,0.5M H2SO4,2.23,3,38.73,51.7,64.1,0.004214,1430.042686,0.0187,0.055,4,0.704,normal,0
MEA_0486,2024-05-01 6:00,2911,486,40wt%_Pt/C,RuO2,42.1,37.4,7.7,45.4,36.8,3.9,8.2,48.2,44.8,65.3,0.68,36.8,Nafion 212,20,1M KOH,2.4,0.7,43.47,90.1,74.4,0.000172,1430.543378,0.0049,0.006,4,0.983,normal,0
MEA_0487,2024-05-01 12:00,2917,487,Pt-Ni/TiO2/CeO2,NiFeO2,73.8,5.3,19.4,47.2,43.2,57.4,8.8,75.8,40.5,25.6,3.61,21.8,Nafion 211,10,Buffer+1M KCl,2.41,2.2,26.44,91.3,77,-0.000745,1428.370213,0.0018,0.02,4,0.931,normal,0
MEA_0488,2024-05-01 18:00,2923,488,Pt-Ru/g-C3N4,IrO2,23.9,45.3,1,48,3.1,39.3,17.2,28.2,98.4,36.5,6.47,91.7,Nafion 211,10,0.5M Na2CO3,2.37,1.6,49.67,67.4,48.1,-3.90E-05,1428.256216,0.0045,0.035,4,0.996,normal,0
MEA_0489,2024-05-02 0:00,2929,489,Pt/C,NiFeO2,11,7.7,37.5,26.1,26,2.9,51.8,31.8,29.2,84.4,3.11,36.9,AEM-Sustainion X37,20,1M KOH,1.82,1.6,1.57,40.4,60.7,0.001305,1432.078561,0.0137,0.027,4,0.885,normal,0
MEA_0490,2024-05-02 6:00,2935,490,Pd-Ni/CeO2,IrO2,35.5,49.6,24.1,48.9,3.4,58.3,21.4,92.5,29.5,19.5,9.14,38.2,Nafion 211,20,Buffer+1M KCl,1.53,1.6,15.68,46,67.3,0.000316,1433.006021,0.0043,0.045,4,0.969,normal,0
MEA_0491,2024-05-02 12:00,2941,491,Carbon Paper,IrO2,28.7,46.9,47.9,37.9,87.9,1.1,28.3,5.6,35.5,82.7,6.52,42.4,AEM-Sustainion X37,20,0.5M H2SO4,1.01,1.1,31.53,71.5,79.2,0.000832,1435.452933,0.0135,0.092,4,0.923,normal,0
MEA_0492,2024-05-02 18:00,2947,492,Pd-Ni/CeO2,IrO2,29.6,42.5,23.8,8.1,24.3,78.7,40,48.6,56.5,56.3,1.18,30.2,AEM-Sustainion X37,5,Buffer+1M KCl,1.09,2.3,24,41.3,75.7,0.004852,1449.751777,0.003,0.005,4,0.673,critical,1
MEA_0493,2024-05-03 0:00,2953,493,Pt/C,RuO2,23.4,2.2,24,23.8,55.7,30.6,81.2,91.3,25.2,76.2,9.14,71.1,PEM,10,0.5M Na2CO3,1.64,2.3,6.71,61.8,89.3,0.003226,1459.278155,-0.0024,0.04,4,0.756,warning,1
MEA_0494,2024-05-03 6:00,2959,494,40wt%_Pt/C,RuO2,4.2,18.2,59.5,35.9,3.9,4,1.4,61,91.5,71.4,9.6,26,AEM-Sustainion X37,10,1M KOH,1.6,1.2,19.02,56.7,30.5,0.003273,1468.962962,-0.0002,0.061,4,0.753,warning,1
MEA_0495,2024-05-03 12:00,2965,495,Pd-Ni/CeO2,NiFeO2,1.8,15.8,3.9,12.4,66.7,58.8,64.9,54.6,26.6,20.8,1.24,30.7,Nafion 211,1,Buffer+1M KCl,1.28,2.6,2.25,79.3,56.2,-0.000432,1467.682082,-0.0077,0.006,4,0.959,normal,0
MEA_0496,2024-05-03 18:00,2971,496,Pt/Graphite,IrO2,98.8,21.6,72.2,32,32.3,39.8,66.9,25,89.6,56.9,5.56,71.6,Nafion 212,1,0.5M Na2CO3,1.59,1.3,32.49,43.1,45.4,0.003393,1477.762685,0.0049,0.025,4,0.747,normal,0
MEA_0497,2024-05-04 0:00,2977,497,Pt-Ni/TiO2/CeO2,IrO2,42.8,5.3,68.2,33.3,89.8,97.4,79.9,34.3,10.3,86.8,3.38,47.2,Nafion 212,20,Buffer+1M KCl,1.26,2.3,44.74,66.9,37.2,0.003436,1487.991657,-0.0056,0.015,4,0.744,normal,0
MEA_0498,2024-05-04 6:00,2983,498,Pt-Ru/g-C3N4,RuO2,38.4,56.2,53.4,8.1,88.8,54.4,93.3,85.2,65.7,43.2,4.23,76.6,Nafion 211,1,Buffer+1M KCl,2.27,0.8,44.36,71.9,84.7,0.002958,1496.815371,0.0143,0.014,4,0.772,warning,1
MEA_0499,2024-05-04 12:00,2989,499,Pt/C,IrO2,68,33.2,47.5,28.3,32.5,27.5,2,55.9,90.7,96.7,2.21,64.6,Nafion 212,5,1M KOH,1.45,0.9,35.28,74,89.9,0.000371,1497.92429,0.0026,0.013,4,0.964,normal,0
MEA_0500,2024-05-04 18:00,2995,500,Pt-Ru/g-C3N4,RuO2,21.8,18.3,71.4,38.6,90.1,70.9,15.4,51.5,16.9,45.2,5.99,40.5,AEM-Sustainion X37,10,0.5M H2SO4,1.9,1.3,23.82,62.3,40.8,0.001538,1502.5306,0.013,0.039,4,0.867,normal,0
MEA_0501,2024-05-05 0:00,3001,501,Pt/Graphite,IrO2,95,23.8,14.8,24.9,99.6,27.1,88.6,10,96.8,14.3,9.6,72.1,Nafion 212,10,0.5M H2SO4,1.75,2,26.09,56.7,32.3,0.004078,1514.768678,0.0186,0.043,4,0.71,normal,0
MEA_0502,2024-05-05 6:00,3007,502,Pd-Ni/CeO2,NiFeO2,78.6,26.8,6.3,0.6,82.5,90.4,45.9,1.6,45.3,38.9,5.28,29.3,Nafion 211,1,0.5M Na2CO3,1.08,2.1,7.71,77.5,46.5,0.003021,1523.852825,0.0155,0.029,4,0.768,normal,0
MEA_0503,2024-05-05 12:00,3013,503,Pd-Ni/CeO2,IrO2,8.9,36,19.2,0.5,84.5,37.5,56.5,96.4,94.6,95.2,1.29,62.9,Nafion 212,20,0.5M Na2CO3,2.41,1.5,17.71,86.6,80.1,0.003397,1534.087986,0.0185,0.005,4,0.746,normal,0
MEA_0504,2024-05-05 18:00,3019,504,Carbon Paper,IrO2,41.8,30.9,63.6,17.9,24.9,55,66.3,37.7,67.7,32,6.39,55,AEM-Sustainion X37,1,0.5M Na2CO3,1.79,0.7,10.2,78.1,47.6,0.002524,1541.707942,0.007,0.028,4,0.798,normal,0
MEA_0505,2024-05-06 0:00,3025,505,Pt/Graphite,,87.9,55.2,2.8,46.3,57.7,5.1,67.9,60.3,30.2,86.8,3.73,41.4,AEM-Sustainion X37,20,1M KOH,1.49,1.4,41.24,91.3,33.4,0.001698,1546.844392,-0.005,0.023,4,0.855,normal,0
MEA_0506,2024-05-06 6:00,3031,506,Pt/C,RuO2,94.5,29.8,46.6,11.4,6.7,42.6,93.2,8,18.8,88.1,8.63,68.3,Nafion 211,5,0.5M H2SO4,1.24,2.2,45.82,79.4,33.1,0.003554,1557.616566,0.0181,0.053,4,0.738,normal,0
MEA_0507,2024-05-06 12:00,3037,507,Carbon Paper,IrO2,46.7,59.5,79.6,31.7,9.5,83.2,99.7,68.3,30.4,35,4.63,89.7,Nafion 211,10,0.5M Na2CO3,1.51,2.2,27.31,82.1,55.6,-0.000592,1555.818662,0.0161,0.016,4,0.944,normal,0
MEA_0508,2024-05-06 18:00,3043,508,Pt-Ni/TiO2/CeO2,IrO2,61.3,51.1,68.5,11.1,99.9,80.6,72,93.3,9.3,8.3,2.33,99.9,Nafion 211,5,0.5M Na2CO3,1.03,0.9,36.66,49.2,85.9,0.003039,1565.066339,0.0159,0.009,4,0.767,normal,0
MEA_0509,2024-05-07 0:00,3049,509,Carbon Paper,,16.7,12.5,41.7,16.1,32.7,22.4,28.7,57.6,14.4,72.5,2.32,68.6,PEM,10,Buffer+1M KCl,1.55,0.5,6.95,63.1,47.2,0.004983,1580.259506,0.0108,0.019,4,0.667,warning,1
MEA_0510,2024-05-07 6:00,3055,510,Pt-Co/TiO2/g-C3N4,,99.1,55.8,5.1,42.4,74.8,22.6,88,12.6,10.5,31.2,7.8,52.4,PEM,5,Buffer+1M KCl,1.8,2.4,30.82,66.7,55.6,0.003681,1591.504961,0.0087,0.058,4,0.731,normal,0
MEA_0511,2024-05-07 12:00,3061,511,Pt/C,RuO2,23.2,7,66.5,36.4,80.7,81.7,4.9,58.2,42.3,78.3,3.02,38,AEM-Sustainion X37,1,0.5M Na2CO3,2.31,0.8,35.44,54.1,36.1,0.000743,1593.779284,-0.0096,0.016,4,0.931,normal,0
MEA_0512,2024-05-07 18:00,3067,512,Pt-Co/TiO2/g-C3N4,,94.3,49,47.9,4.8,85.8,93,23.1,76.6,79.6,44.3,7.79,40.6,PEM,5,Buffer+1M KCl,2.03,0.7,23.19,69.1,59.6,0.000667,1595.824973,0.0124,0.029,4,0.937,normal,0
MEA_0513,2024-05-08 0:00,3073,513,Pt/Graphite,NiFeO2,65,22.8,9.2,21.4,99.8,9.5,89.7,40.6,14.1,48.5,2.46,58.4,PEM,5,Buffer+1M KCl,1.17,0.5,12.92,56,71.8,0.003003,1605.053192,-0.0073,0.016,4,0.769,critical,1
MEA_0514,2024-05-08 6:00,3079,514,40wt%_Pt/C,,60.8,52.7,7.5,1.5,24.1,45,25.6,88,13,77.8,3.56,49.4,Nafion 212,1,Buffer+1M KCl,1.22,1.6,43.99,77.8,46.3,0.004375,1618.523817,-0.0022,0.021,4,0.696,normal,0
MEA_0515,2024-05-08 12:00,3085,515,Pt-Co/TiO2/g-C3N4,NiFeO2,51.3,52.1,72.8,24,4,33.7,22.1,64.9,64.3,38.2,4.92,93.1,PEM,10,1M KOH,1.64,1.8,37.4,65.9,47.8,0.002468,1626.137597,0.0065,0.027,4,0.802,normal,0
MEA_0516,2024-05-08 18:00,3091,516,Pt-Ni/TiO2/CeO2,RuO2,23.1,48.4,53.5,33.1,41.1,87.1,13.8,89.9,19.7,44.3,9.46,49.5,Nafion 212,10,0.5M Na2CO3,1.29,2.1,45.09,65.2,80.5,0.002164,1632.826521,0.0036,0.045,4,0.822,normal,0
MEA_0517,2024-05-09 0:00,3097,517,Carbon Paper,RuO2,17.7,47.4,66.3,5.9,13,8.4,85.9,62.4,9.8,37.6,9.35,49.9,Nafion 211,1,0.5M Na2CO3,1.04,1.2,41.1,94.1,30.6,-3.80E-05,1632.708835,-0.0095,0.056,4,0.996,normal,0
MEA_0518,2024-05-09 6:00,3103,518,40wt%_Pt/C,RuO2,22,18.3,70.3,14.4,2.2,21.1,50,13.1,16.7,36.7,2.47,50.7,Nafion 212,5,Buffer+1M KCl,2.21,2.3,49.53,61.6,68.2,0.003293,1642.927014,0.0147,0.024,4,0.752,normal,0
MEA_0519,2024-05-09 12:00,3109,519,Carbon Paper,RuO2,18.6,4.9,45.7,19.9,36,75.2,67.5,31,92.4,52.6,3.9,86.9,Nafion 212,5,1M KOH,1.03,0.9,10.42,59.9,53.6,0.003214,1652.91934,0.0164,0.015,4,0.757,normal,0
MEA_0520,2024-05-09 18:00,3115,520,Pt-Co/TiO2/g-C3N4,RuO2,78,24.2,41.4,46,78.4,5.1,23.9,20.2,82.1,80.9,1.92,72.1,Nafion 211,5,Buffer+1M KCl,2.25,2.6,5.25,57.5,47.9,0.004802,1667.87757,0.0105,0.015,4,0.676,critical,1
MEA_0521,2024-05-10 0:00,3121,521,Carbon Paper,NiFeO2,35,10.4,34.4,49.7,56.6,49.3,75.8,90.9,35.4,36.2,5.34,69.1,Nafion 211,20,1M KOH,1.22,1.9,17.51,89.2,69.5,0.000801,1670.377491,0.0062,0.021,4,0.926,warning,1
MEA_0522,2024-05-10 6:00,3127,522,Pt/Graphite,NiFeO2,5.8,41.7,25.4,2.2,31.3,44.2,76,76,65.6,52.4,4.88,46.7,AEM-Sustainion X37,10,0.5M Na2CO3,2.46,2,7.32,67.3,80.1,0.003539,1681.443944,0.0188,0.019,4,0.739,critical,1
MEA_0523,2024-05-10 12:00,3133,523,40wt%_Pt/C,RuO2,96.9,20.8,34.8,38.1,65.4,33.4,31.3,67.6,53.7,67.1,9.06,85.4,AEM-Sustainion X37,5,Buffer+1M KCl,1.91,1,26.63,73,63.5,0.001604,1686.469276,-0.0064,0.049,4,0.862,normal,0
MEA_0524,2024-05-10 18:00,3139,524,Pt/Graphite,,88.4,58.5,61.9,18.6,23.2,39.5,41.1,30.1,67.7,26.9,9.34,23.1,AEM-Sustainion X37,10,0.5M Na2CO3,2.1,0.7,32.02,49.9,31.9,0.002351,1693.849065,0.0121,0.052,4,0.81,warning,1
MEA_0525,2024-05-11 0:00,3145,525,Pt-Co/TiO2/g-C3N4,IrO2,92.8,38.5,48.2,19.6,1.4,53,21,18.4,68.3,27.8,4.14,89.7,AEM-Sustainion X37,5,1M KOH,1.17,1.7,29.34,69.8,57.7,0.003899,1706.11142,-0.0061,0.026,4,0.719,normal,0
MEA_0526,2024-05-11 6:00,3151,526,Pt/Graphite,RuO2,99.5,49.3,71.4,37.7,76.4,16.1,97.7,75.6,62.9,93.3,5.17,61,Nafion 212,1,0.5M H2SO4,2.29,2,13.7,55.1,57.8,0.000332,1707.157552,0.0015,0.02,4,0.968,normal,0
MEA_0527,2024-05-11 12:00,3157,527,Pt-Ni/TiO2/CeO2,,17.4,8,35.5,45.9,62.4,57.2,64.6,47.4,26.6,72.4,9.01,51.9,Nafion 212,1,1M KOH,2.26,0.7,45.53,80.2,62.6,0.001057,1710.494501,0.0076,0.046,4,0.904,warning,1
MEA_0528,2024-05-11 18:00,3163,528,Pt-Co/TiO2/g-C3N4,IrO2,39.6,51.7,48.6,47.5,76.2,80.5,93.5,22.6,3.9,57.7,8.16,59.8,AEM-Sustainion X37,10,0.5M H2SO4,1.98,2.9,2.04,85.8,70.3,0.00364,1722.007821,0.0121,0.041,4,0.733,normal,0
MEA_0529,2024-05-12 0:00,3169,529,Pt-Co/TiO2/g-C3N4,RuO2,75.8,55.4,50.5,28.9,3.9,76,30.3,61.7,45.6,64.8,0.53,73.4,PEM,10,0.5M Na2CO3,1.75,3,18.05,79.3,31.2,0.002423,1729.686308,-0.0099,0.002,4,0.805,normal,0
MEA_0530,2024-05-12 6:00,3175,530,Pt-Co/TiO2/g-C3N4,RuO2,69.6,29.2,47.3,17.9,83.7,15.4,78.2,4,89.1,2.9,3.54,21,AEM-Sustainion X37,1,0.5M Na2CO3,2.08,1.9,36.23,80.2,60.1,-0.000445,1728.273433,-0.0022,0.019,4,0.957,normal,0
MEA_0531,2024-05-12 12:00,3181,531,Pt/C,NiFeO2,15.4,36.4,56.2,39.4,62,14.9,76.6,32.6,56.9,61.8,4.51,89.7,PEM,20,Buffer+1M KCl,1.01,2.9,38.58,68.2,65.3,0.001581,1733.302594,0.0061,0.025,4,0.863,normal,0
MEA_0532,2024-05-12 18:00,3187,532,Carbon Paper,IrO2,81.6,45.9,19,12.6,56.3,26.8,69.2,46.9,83.2,51,2.68,55.7,Nafion 211,1,0.5M H2SO4,1.89,0.9,21.39,79.2,50.6,0.00252,1741.333834,0.006,0.012,4,0.799,critical,1
MEA_0533,2024-05-13 0:00,3193,533,Pt/C,IrO2,22.4,10.5,41,28.2,62.5,36.1,96.6,14.8,99.2,54.6,2.4,47.4,Nafion 212,5,1M KOH,2.27,0.6,1.83,63.2,70.1,0.004457,1755.565035,0.0091,0.01,4,0.692,normal,0
MEA_0534,2024-05-13 6:00,3199,534,Pt/C,,22.4,30.2,8.3,17.9,86.4,40.8,39.4,98.5,16.4,35.9,0.86,31.1,Nafion 212,20,0.5M Na2CO3,1.54,0.6,31.28,75.8,43.7,0.000131,1755.984104,-0.0009,0.004,4,0.987,normal,0
MEA_0535,2024-05-13 12:00,3205,535,Pt-Ni/TiO2/CeO2,NiFeO2,53.7,23.9,30.8,32.8,58.7,68,13.1,20.9,69.2,8.1,6.61,55.2,PEM,1,0.5M H2SO4,1.16,2,4.09,54.2,49,0.003836,1768.278484,0.0062,0.039,4,0.723,normal,0
MEA_0536,2024-05-13 18:00,3211,536,40wt%_Pt/C,NiFeO2,59.3,8.8,39,12,58.1,5.7,67.2,13,67.4,19.3,2.99,59.7,AEM-Sustainion X37,20,1M KOH,1.63,0.7,6.28,43.8,87.8,-0.000216,1767.584908,-0.0043,0.019,4,0.979,warning,1
MEA_0537,2024-05-14 0:00,3217,537,Carbon Paper,NiFeO2,58,22.1,52.2,9.6,99.1,3.5,72.9,20.4,98,95.1,1,52.3,Nafion 212,20,0.5M H2SO4,2.09,2.9,32.86,62.7,50.9,0.000453,1769.042209,-0.0044,0.005,4,0.957,normal,0
MEA_0538,2024-05-14 6:00,3223,538,Pt/Graphite,NiFeO2,9.1,4.1,76,45.9,75.7,39.2,57.5,76.9,98.6,40.9,2.69,74.3,PEM,20,1M KOH,1.16,0.9,16.31,65.4,50.8,0.00046,1770.524789,0.0073,0.01,4,0.956,normal,0
MEA_0539,2024-05-14 12:00,3229,539,Pd-Ni/CeO2,IrO2,87.7,1.5,48.1,5.1,44.2,69.7,20.7,42.6,68.7,46.7,8.12,53.7,Nafion 211,10,1M KOH,1.31,1.3,18.05,54.1,65.7,0.004265,1784.296474,0.0106,0.04,4,0.701,warning,1
MEA_0540,2024-05-14 18:00,3235,540,Pt-Co/TiO2/g-C3N4,IrO2,26.6,8.1,59.5,25.3,70.7,19.3,50.4,56.5,24.4,5.3,8.59,96.9,Nafion 211,1,1M KOH,1.22,2.6,24.85,80,88.3,0.000194,1784.924064,-0.0064,0.057,4,0.981,normal,0
MEA_0541,2024-05-15 0:00,3241,541,Pt/Graphite,RuO2,13,57.8,40.5,11,38.9,64.2,31.2,2.1,79.9,3.8,5.09,67.9,Nafion 212,10,1M KOH,2.2,1,48.95,44,89,0.003722,1796.987066,-0.0063,0.029,4,0.729,normal,0
MEA_0542,2024-05-15 6:00,3247,542,Pt-Co/TiO2/g-C3N4,RuO2,88.9,33,50.7,1.9,22.9,26,42.7,3.4,10.7,71.7,4.45,84.6,AEM-Sustainion X37,10,0.5M H2SO4,1.09,1.1,48.31,52.3,64.8,0.001771,1802.737503,0.007,0.054,4,0.85,warning,1
MEA_0543,2024-05-15 12:00,3253,543,Pt-Ni/TiO2/CeO2,NiFeO2,95.6,57.9,5.7,1.8,59.7,88.6,64.5,44.6,78.1,53.8,9.79,28.7,PEM,5,0.5M H2SO4,2.03,2.1,21.4,81.2,30.1,0.004995,1818.986238,-0.0019,0.035,4,0.667,normal,0
MEA_0544,2024-05-15 18:00,3259,544,Pt-Co/TiO2/g-C3N4,NiFeO2,86.2,25.9,20.4,8.8,92.8,89.6,74.5,81.7,91,50.9,2.41,51.8,Nafion 212,5,Buffer+1M KCl,1.55,1.2,14.01,64,84,0.004035,1832.136303,0.0018,0.007,4,0.713,warning,1
MEA_0545,2024-05-16 0:00,3265,545,Pt/C,NiFeO2,81,18.7,28.9,43.3,92.9,29.7,23.2,88.5,38.3,24.3,2.55,46.9,Nafion 211,20,0.5M H2SO4,2.13,1,15.83,78.8,64.2,0.003438,1843.361373,0.002,0.014,4,0.744,normal,0
MEA_0546,2024-05-16 6:00,3271,546,Carbon Paper,RuO2,65.5,30.4,37.8,14.1,34.2,23,40.5,8.7,63.1,74.5,3.27,65.6,AEM-Sustainion X37,20,0.5M H2SO4,2.45,1.1,14.17,71.2,52,0.004224,1857.178077,-0.0046,0.024,4,0.703,critical,1
MEA_0547,2024-05-16 12:00,3277,547,Pd-Ni/CeO2,,55.1,26.4,3.7,47.5,52.8,41.1,26.9,53.8,43,16.8,2.14,88.9,PEM,5,Buffer+1M KCl,1.17,1.7,27.08,92.3,79.8,0.002804,1866.366785,-0.01,0.013,4,0.781,critical,1
MEA_0548,2024-05-16 18:00,3283,548,Pt-Ru/g-C3N4,,8.7,6.3,11.2,29.1,21.2,24.1,19.9,91.3,43.8,19,4.1,26.3,Nafion 212,5,0.5M H2SO4,1.47,2.9,30.74,72.9,54,0.004062,1879.702331,0.0156,0.023,4,0.711,normal,0
MEA_0549,2024-05-17 0:00,3289,549,Pt-Co/TiO2/g-C3N4,RuO2,40.8,38.4,22.1,21.8,99.6,67.2,78.3,38.8,31,46.1,9.15,25.8,PEM,1,1M KOH,2.22,2.6,24.95,40.8,32,0.000567,1881.567194,0.0115,0.042,4,0.946,normal,0
MEA_0550,2024-05-17 6:00,3295,550,Pt/Graphite,RuO2,37.3,13,77.7,29,98.1,82.6,90.9,83,76.2,28.6,6.35,88,AEM-Sustainion X37,20,0.5M Na2CO3,1.4,1.2,20.99,59.4,79.3,-0.000414,1880.203064,0.0107,0.019,4,0.96,critical,1
MEA_0551,2024-05-17 12:00,3301,551,Pt/C,RuO2,26,37.2,26.5,25.8,65,67.3,37,13.4,93.6,24.7,4.41,37,AEM-Sustainion X37,20,0.5M Na2CO3,1.32,1.4,11.35,47.9,62.8,0.002696,1889.10256,0.0064,0.021,4,0.788,normal,0
MEA_0552,2024-05-17 18:00,3307,552,Pt-Ru/g-C3N4,RuO2,72.3,39,38.6,37.9,80.4,82.4,75.1,93.5,94.1,64.5,9.38,73.5,Nafion 211,5,Buffer+1M KCl,2.24,1.7,24.64,90.9,50.3,0.001608,1894.420216,0.011,0.027,4,0.861,normal,0
MEA_0553,2024-05-18 0:00,3313,553,Pd-Ni/CeO2,RuO2,49.6,9.1,15.7,14.1,71.5,39.7,89.7,75.1,17.5,65.1,0.96,63.4,AEM-Sustainion X37,1,0.5M H2SO4,2.48,2.9,17.71,45.7,45.1,0.001559,1899.585183,0.0181,0.004,4,0.865,normal,0
MEA_0554,2024-05-18 6:00,3319,554,Pt-Ru/g-C3N4,RuO2,8.1,3.7,48.9,17.7,59.3,15.6,84.6,94.1,87.5,82.5,2.5,86.6,Nafion 212,5,0.5M H2SO4,1.84,0.9,27.54,61.3,65.6,0.00216,1906.754223,0.01,0.009,4,0.822,warning,1
MEA_0555,2024-05-18 12:00,3325,555,Pt/C,NiFeO2,22,46.8,22.5,44.7,5.3,73.8,18.3,67.7,73.7,41.8,5.88,30,PEM,5,Buffer+1M KCl,1.42,1.4,34.08,52.4,42.5,0.001168,1910.637823,-0.002,0.025,4,0.895,warning,1
MEA_0556,2024-05-18 18:00,3331,556,Carbon Paper,NiFeO2,68.3,27.6,16.6,47.3,45.5,36,95.6,36.3,25.3,7.3,6.35,30.4,AEM-Sustainion X37,10,0.5M Na2CO3,1.6,2.3,32.03,86.6,49.4,0.002756,1919.818059,0.0071,0.033,4,0.784,normal,0
MEA_0557,2024-05-19 0:00,3337,557,Carbon Paper,NiFeO2,7.6,3.5,41.3,44.6,67.5,67.1,37.7,93.8,6.7,27.4,0.88,64.5,AEM-Sustainion X37,20,1M KOH,1.26,2.9,23.66,57,68.2,-0.000817,1917.09173,0.0033,0.004,4,0.924,normal,0
MEA_0558,2024-05-19 6:00,3343,558,40wt%_Pt/C,NiFeO2,85.1,59.7,0.4,21,67.8,27.1,33.9,27.6,26.8,98,4.33,95.7,Nafion 212,1,0.5M H2SO4,2.14,0.9,28.25,94.6,82.9,0.004819,1933.201647,0.0067,0.037,4,0.675,warning,1
MEA_0559,2024-05-19 12:00,3349,559,Carbon Paper,RuO2,49.5,3.5,0.6,39,37.3,8.1,6.2,33.2,91.2,59.6,6.67,53.2,PEM,10,Buffer+1M KCl,2.16,1.1,14.96,42.1,62,0.004548,1948.432899,0.0055,0.048,4,0.687,warning,1
MEA_0560,2024-05-19 18:00,3355,560,40wt%_Pt/C,,48.1,41.7,17.5,23.8,94.2,99.3,48.6,70.1,63.3,71,7.13,46.2,PEM,20,1M KOH,2.31,1.1,2.19,47.1,75.5,0.004612,1963.906159,0.0158,0.025,4,0.684,normal,0
MEA_0561,2024-05-20 0:00,3361,561,Pt-Ru/g-C3N4,IrO2,59.2,59,2.9,24.9,16.7,15.6,10.9,76.5,72.1,0.7,6.56,68.5,Nafion 211,5,Buffer+1M KCl,1.04,0.6,31.63,52.4,75.8,0.00119,1967.905749,0.0096,0.037,4,0.894,critical,1
MEA_0562,2024-05-20 6:00,3367,562,Pt-Ni/TiO2/CeO2,RuO2,82.5,14.4,8.6,10.2,50,98.8,24.9,92.9,25.7,51.8,3.55,94.4,Nafion 211,1,Buffer+1M KCl,1.84,2,13.38,84.6,69.9,0.002191,1975.282846,-0.0043,0.015,4,0.82,warning,1
MEA_0563,2024-05-20 12:00,3373,563,Pt/Graphite,IrO2,34.8,8.5,27.1,29.6,69.1,97.7,31.7,20.5,71.9,3.8,1.39,87,PEM,20,Buffer+1M KCl,1.32,2.2,33.78,88.3,44.8,0.004725,1991.220271,-0.0081,0.006,4,0.679,normal,0
MEA_0564,2024-05-20 18:00,3379,564,Pt/Graphite,,67.8,7.3,64.2,9.3,69.7,79.4,80.9,79.8,2.8,56.9,4.56,99.6,Nafion 212,5,0.5M Na2CO3,1.51,2,37.6,43.9,82,0.004414,2006.135177,0.0027,0.019,4,0.694,warning,1
MEA_0565,2024-05-21 0:00,3385,565,Pt-Ru/g-C3N4,NiFeO2,56.6,18.2,45.8,16.6,64.9,65.9,87.5,73.9,37.5,92.1,1.72,21.8,Nafion 212,10,0.5M Na2CO3,2.18,0.7,45.88,41.8,56.2,0.003741,2018.798462,-0.0095,0.006,4,0.728,normal,0
MEA_0566,2024-05-21 6:00,3391,566,Pt-Co/TiO2/g-C3N4,,26.7,6.1,41,42.8,27.5,57.8,30.2,6.4,62.7,96.8,9.5,29,Nafion 211,1,Buffer+1M KCl,1.29,0.7,47.95,81,32.7,0.001444,2023.695066,-0.0005,0.06,4,0.874,normal,0
MEA_0567,2024-05-21 12:00,3397,567,Pt-Co/TiO2/g-C3N4,RuO2,87.9,41.5,23.5,10.4,15.6,86.6,85.9,38.7,14.6,54.1,5.01,68.8,AEM-Sustainion X37,20,0.5M H2SO4,1.96,1,1.52,47.3,44.7,0.002386,2031.800308,0.001,0.022,4,0.807,normal,0
MEA_0568,2024-05-21 18:00,3403,568,Carbon Paper,NiFeO2,79.7,3.7,74.5,3.6,63.6,28.9,85.7,28.3,82.3,45.8,3.51,85.6,Nafion 212,10,1M KOH,1.98,1.2,49.53,47.3,75.9,0.003757,2044.585379,0.0013,0.016,4,0.727,warning,1
MEA_0569,2024-05-22 0:00,3409,569,Pt/Graphite,RuO2,65.8,30.6,31.8,3.5,59.9,46.8,76.5,30.4,23.5,94.5,7.78,42.8,AEM-Sustainion X37,5,0.5M H2SO4,2.43,2.5,34.47,41.2,34.1,0.000638,2046.760321,0.0194,0.044,4,0.94,critical,1
MEA_0570,2024-05-22 6:00,3415,570,Pt/Graphite,NiFeO2,85.1,59.8,7,47,17.9,61.9,14.7,98.3,65.2,67.4,5.23,39.1,Nafion 212,5,0.5M Na2CO3,2.16,0.9,32.53,42.7,38.8,0.002759,2056.182306,-0.0009,0.022,4,0.784,normal,0
MEA_0571,2024-05-22 12:00,3421,571,40wt%_Pt/C,IrO2,86.7,48.8,49.4,25.3,70.5,41.1,69,64.3,40.5,6.5,3.45,83,PEM,20,1M KOH,2.21,0.6,1.75,54.5,71.7,0.003968,2069.756834,-0.002,0.016,4,0.716,normal,0
MEA_0572,2024-05-22 18:00,3427,572,Pt-Ni/TiO2/CeO2,IrO2,70.8,36.9,9.1,20.5,45.5,42.7,94.5,71.8,59.6,46.6,8.21,24.5,Nafion 211,5,Buffer+1M KCl,1.8,1.5,43.2,43.6,83.6,0.003245,2080.877449,-0.0061,0.031,4,0.755,normal,0
MEA_0573,2024-05-23 0:00,3433,573,Pt/C,IrO2,83.7,18.4,27.6,40.5,66.8,33,68.3,97.7,10.7,24,8.74,49.6,AEM-Sustainion X37,1,0.5M H2SO4,1.28,1.5,8.13,60.3,68,0.001877,2087.32119,0.0053,0.042,4,0.842,warning,1
MEA_0574,2024-05-23 6:00,3439,574,Pt-Co/TiO2/g-C3N4,,69.7,37.4,40.6,41.8,83.7,56.4,33.2,37.7,1.7,47,6.89,60.5,AEM-Sustainion X37,20,0.5M H2SO4,1.64,1.6,42.03,85.8,43.3,0.002508,2095.946202,-0.0054,0.053,4,0.799,warning,1
MEA_0575,2024-05-23 12:00,3445,575,Pt/Graphite,RuO2,68,31.6,69.9,16.6,17,85.1,50.1,80.2,91,45.5,0.95,64.8,PEM,10,Buffer+1M KCl,1.82,2.6,1.76,57.9,33.2,0.004932,2112.936942,0.0085,0.003,4,0.67,normal,0
MEA_0576,2024-05-23 18:00,3451,576,40wt%_Pt/C,,61.9,25.6,39.5,34.7,1.9,20.2,64.6,43.5,27,58.2,5.88,78.3,Nafion 212,20,0.5M H2SO4,2.02,0.7,32.65,80,66.9,0.002612,2121.950954,-0.0053,0.038,4,0.793,normal,0
MEA_0577,2024-05-24 0:00,3457,577,Pd-Ni/CeO2,IrO2,75.3,7.8,56.2,38.6,77.9,93.4,51.1,87,82,35.7,7.75,48.4,AEM-Sustainion X37,20,0.5M Na2CO3,1.91,2.3,22.31,45.2,32.8,0.003714,2134.790252,0.0073,0.025,4,0.729,normal,0
MEA_0578,2024-05-24 6:00,3463,578,40wt%_Pt/C,RuO2,15.9,53.2,79.4,32.7,61,68.9,12,18.1,99.9,16.4,1.8,69,Nafion 212,10,Buffer+1M KCl,1.59,1.3,10.84,76.3,66.8,0.00336,2146.425932,0.0148,0.009,4,0.749,normal,0
MEA_0579,2024-05-24 12:00,3469,579,Pt-Co/TiO2/g-C3N4,IrO2,88.1,27,10.5,7.6,70,82.3,31.2,94.8,21.1,50.4,2.67,66.8,PEM,5,0.5M H2SO4,1.4,1.3,6.27,57.4,43.5,0.003209,2157.557953,-0.0087,0.012,4,0.757,normal,0
